,ticker,figi,type,name
0,APA,BBG00YTS96G2,shares,APA Corporation
1,CNX,BBG000CKVSG8,shares,CNX Resources Corporation
2,SLM,BBG000BBCQD7,shares,SLM Corp
3,SWX,BBG00FWP4JW4,shares,Southwest Gas Holdings
4,SLDB,BBG00JN4FXG8,shares,Solid Biosciences
5,ACLS,BBG000DW34S2,shares,Axcelis Technologies
6,LPL,BBG000FJ0RK9,shares,LG Display
7,AMPH,BBG000BW90S6,shares,Amphastar Pharmaceuticals
8,CAG,BBG000BDXGP9,shares,Conagra Brands
9,DSKY,BBG000BN56Q9,shares,Детский Мир
10,WW,BBG000DY6735,shares,"WW International, Inc."
11,MLKN,BBG000BP46T2,shares,MillerKnoll
12,RELY,BBG012C7JST2,shares,Remitly Global
13,MDT,BBG000BNWG87,shares,Medtronic
14,RVNC,BBG001J2MJH8,shares,Revance Therapeutics
15,AJG,BBG000BBHXQ3,shares,Arthur J. Gallagher & Co
16,RIO,BBG000FD28T3,shares,Rio Tinto
17,GWRE,BBG001C7PM75,shares,Guidewire Software Inc
18,MAR,BBG000BGD7W6,shares,Marriott International
19,ENPG,BBG000RMWQD4,shares,Эн+
20,PAYC,BBG0064N0ZZ5,shares,Paycom Software Inc
21,TTCF,BBG00LN7Q496,shares,"Tattooed Chef, Inc."
22,NCNO,BBG014GJ8XH2,shares,nCino
23,CHCO,BBG000BFJFX3,shares,City Holding Company
24,DNLI,BBG008P7F869,shares,Denali Therapeutics Inc
25,POLY,BBG004PYF2N3,shares,Polymetal
26,MTD,BBG000BZCKH3,shares,Mettler Toledo
27,THS,BBG000GQGJT4,shares,TreeHouse Foods Inc
28,HUBB,BBG000BLK267,shares,Hubbell
29,NWSA,BBG0035LY913,shares,News Corp (A)
30,ALEC,BBG00N0PL198,shares,Alector
31,CR,BBG016G0L0Q5,shares,Crane Company
32,AVIR,BBG00TZNCJ75,shares,Atea Pharmaceuticals
33,APH,BBG000B9YJ35,shares,Amphenol
34,NKNCP,BBG000GQSVC2,shares,Нижнекамскнефтехим (привилегированные)
35,AVT,BBG000BCPB71,shares,Avnet
36,DPZ,BBG000P458P3,shares,Domino's Pizza Inc
37,ZIM,BBG00YQ7XR05,shares,ZIM Integrated Shipping Services
38,GTN,BBG000DSQLQ0,shares,Gray Television Inc
39,C,BBG000FY4S11,shares,Citigroup
40,GVA,BBG000DVB833,shares,Granite Construction Inc
41,R,BBG000BRVP70,shares,Ryder System
42,IP,BBG000BM5SR2,shares,International Paper
43,KEX,BBG000BMQCP6,shares,Kirby Corp
44,EPC,BBG000BRW644,shares,Edgewell Personal Care Co
45,GILD,BBG000CKGBP2,shares,GILEAD
46,WGO,BBG000BWS3F3,shares,Winnebago Industries Inc
47,BCRX,BBG000BLYWX6,shares,BioCryst Pharmaceuticals
48,MLAB,BBG000BP3PW7,shares,Mesa Laboratories Inc
49,WCN,BBG000FLHZZ2,shares,Waste Connections
50,AMAT,BBG000BBPFB9,shares,Applied Materials
51,INO,BBG000BK6YX5,shares,Inovio Pharmaceuticals
52,HLT,BBG0058KMH30,shares,Hilton
53,SNA,BBG000BT7JW9,shares,Snap-on
54,VNT,BBG00RRGSJR4,shares,Vontier Corporation
55,ETD,BBG000BBVDT8,shares,Ethan Allen Interiors Inc
56,OGN,BBG00ZQRGW24,shares,Organon & Co.
57,BMY,BBG000DQLV23,shares,Bristol-Myers Squibb
58,AVTR,BBG00G2HHYD7,shares,Avantor Inc
59,WTW,BBG000DB3KT1,shares,Willis Towers Watson
60,APLE,BBG006473QX9,shares,Apple Hospitality REIT
61,CHE,BBG000C19QW1,shares,Chemed Corp
62,AMD,BBG000BBQCY0,shares,AMD
63,BR,BBG000PPFKQ7,shares,Broadridge Financial Solutions
64,ON,BBG000DV7MX4,shares,ON Semiconductor Corp
65,TVTX,BBG000P9D6W9,shares,Travere Therapeutics
66,NET,BBG001WMKHH5,shares,CloudFlare Inc
67,CTVA,BBG00BN969C1,shares,Corteva Inc
68,TGTX,BBG000FVZQY1,shares,TG Therapeutics
69,CSGP,BBG000D7JKW9,shares,CoStar Group Inc
70,TSCO,BBG000BLXZN1,shares,Tractor Supply
71,SPOT,BBG003T4VFC2,shares,Spotify Technology SA
72,PZZA,BBG000BFWF13,shares,Papa John's International Inc
73,PODD,BBG000R7XX87,shares,Insulet Corp
74,HAL,BBG000BKTFN2,shares,Halliburton
75,DG,BBG000NV1KK7,shares,Dollar General
76,DDS,BBG000BS4MP5,shares,Dillard's Inc
77,GXO,BBG00YDGX945,shares,"GXO Logistics, Inc."
78,RH,BBG002293PJ4,shares,RH
79,BWA,BBG000BJ49H3,shares,BorgWarner
80,PNC,BBG000BRD0D8,shares,PNC Financial Services
81,DOW,BBG00BN96922,shares,Dow Inc
82,VXRT,BBG000DR0RZ7,shares,Vaxart Inc
83,LCII,BBG000DNLMB0,shares,LCI Industries
84,HAIN,BBG000BQW085,shares,Hain Celestial Group Inc
85,IRM,BBG000KCZPC3,shares,Iron Mountain REIT
86,338,BBG000BCHHM0,shares,Sinopec Shanghai Petrochemical
87,FATE,BBG000QP35H2,shares,Fate Therapeutics Inc
88,SLQT,BBG000GTP1B6,shares,SelectQuote
89,F,BBG000BQPC32,shares,Ford
90,SYNH,BBG0078Y1D92,shares,Syneos Health Inc
91,ABM,BBG000B9YYH7,shares,ABM Industries
92,WSO,BBG000DJN7L9,shares,Watsco Inc
93,HUM,BBG000BLKK03,shares,Humana
94,RIVN,BBG00741Y1N2,shares,Rivian Automotive
95,6690,BBG00Y6QRDM9,shares,Haier Smart Home
96,CENTA,BBG000KTYB56,shares,Central Garden & Pet Co
97,CVM,BBG000H5G6L5,shares,CEL SCI Corporation
98,EW,BBG000BRXP69,shares,Edwards Lifesciences
99,IGMS,BBG00PNR1BT2,shares,IGM Biosciences Inc
100,SNY,BBG000BBD5N1,shares,Sanofi
101,FLGT,BBG00DR7LTG2,shares,Fulgent Genetics
102,BOH,BBG000C8D8G9,shares,Bank of Hawaii
103,DXCM,BBG000QTF8K1,shares,DexCom Inc
104,FAF,BBG000V78V75,shares,First American Financial Corporation
105,KMG@KT,TCSC00001122,shares,Казмунайгаз
106,AORT,BBG000BMLVJ6,shares,Artivion
107,IRKT,BBG000FWGSZ5,shares,Яковлев
108,OVV,BBG00R2NHQ65,shares,Ovintiv Inc.
109,VAL,BBG010JW9K49,shares,Valaris Limited
110,BJ,BBG00FQ8T4G3,shares,"BJs Wholesale Club Holdings, Inc."
111,IRBT,BBG000HXJB21,shares,iRobot Corp
112,VMC,BBG000BWGYF8,shares,Vulcan Materials
113,NTAP,BBG000FP1N32,shares,NetApp
114,MRKV,BBG000PKWCQ7,shares,МРСК Волги
115,SMG,BBG000BT5PG5,shares,Scotts Miracle-Gro Co The
116,ALE,BBG000CYW7N5,shares,"ALLETE, Inc."
117,BAH,BBG000R2YFG7,shares,Booz Allen Hamilton
118,WMT,BBG000BWXBC2,shares,Wal-Mart Stores
119,TSN,BBG000DKCC19,shares,Tyson Foods
120,RXRX,BBG00PQ4XJ45,shares,"Recursion Pharmaceuticals, Inc."
121,HPQ,BBG000KHWT55,shares,HP
122,NTR,BBG00JM9XLN6,shares,Nutrien
123,AOUT,BBG00QV8FS02,shares,American Outdoor Brands Inc
124,RGLD,BBG000BS5170,shares,Royal Gold
125,PAY,BBG010MW0N84,shares,Paymentus Holdings
126,SAGE,BBG0025X16Y5,shares,Sage Therapeutics Inc
127,BIGC,BBG00W1PSSJ0,shares,BigCommerce Holdings
128,G,BBG000RQBFV2,shares,Genpact Limited
129,GLW,BBG000BKFZM4,shares,Corning
130,WLK,BBG000PXZFW2,shares,Westlake Corporation
131,HEAR,BBG000BM6N47,shares,Turtle Beach Corp
132,1061,BBG000JHS2L3,shares,Essex Bio-Technology
133,QRTEA,BBG000PCQQL6,shares,Qurate Retail Inc
134,CAT,BBG000BF0K17,shares,Caterpillar
135,NEM,BBG000BPWXK1,shares,Newmont Goldcorp Corporation
136,MIDD,BBG000DQN9R3,shares,Middleby Corp The
137,YUMC,BBG00B8N0HG1,shares,Yum China Holdings
138,LYFT,BBG004M9ZHX5,shares,Lyft Inc
139,EGRX,BBG005Y3XWH9,shares,Eagle Pharmaceuticals Inc
140,VSMO,BBG004S68CV8,shares,ВСМПО-АВИСМА
141,CERE,BBG00VCYVLH4,shares,Cerevel Therapeutics Holdings
142,AZTA,BBG000DX9JV7,shares,Azenta
143,BDTX,BBG00MS4Y0W9,shares,Black Diamond Therapeutics Inc
144,DIS,BBG000BH4R78,shares,Walt Disney
145,WK,BBG007BVZ8H9,shares,Workiva Inc
146,TKO,BBG01G9JKWV5,shares,TKO Group Holdings
147,GDEV,BBG00Z5KBW72,shares,Nexters Inc
148,STWD,BBG000M1J270,shares,Starwood Property Trust REIT
149,FIVE@GS,TCS4387E2054,shares,X5 RetailGroup ГДР
150,SPR,BBG000PRJ2Z9,shares,Spirit AeroSystems Holdings
151,BUD,BBG000RYC984,shares,Anheuser-Busch InBev
152,FRME,BBG000BBSJ28,shares,First Merchants Corporation
153,UNAC,BBG000Q7ZZY2,shares,Объединенная авиастроительная корпорация
154,TPR,BBG000BY29C7,shares,Tapestry
155,RSG,BBG000BPXVJ6,shares,Republic Services
156,AI,BBG00Y6G6X31,shares,C3 Ai Inc
157,MMC,BBG000BP4MH0,shares,Marsh & McLennan
158,LSRG,BBG004S68C39,shares,Группа ЛСР
159,NTRS,BBG000BQ74K1,shares,Northern Trust
160,SKY,BBG000BT2TP0,shares,Skyline Champion
161,BZUN,BBG008HNS333,shares,Baozun Inc
162,FTCI,BBG0320C1036,shares,"FTC Solar, Inc."
163,SXI,BBG000BTT5B8,shares,Standex International Corp
164,DRQ,BBG000BVDBY2,shares,Dril-Quip Inc
165,ELS,BBG000BB7SX7,shares,Equity LifeStyle Properties REIT
166,WTFC,BBG000HD3DW5,shares,Wintrust Financial
167,PLXS,BBG000BRBX66,shares,Plexus Corp
168,APPF,BBG008GC8CP6,shares,Appfolio Inc
169,BLDP,BBG000BNJRZ8,shares,Ballard Power Systems
170,TT,BBG000BM6788,shares,Trane Technologies
171,ILMN,BBG000DSMS70,shares,Illumina
172,NXST,BBG000DZJVH0,shares,Nexstar Media Group Inc
173,ARRY,BBG001V4SF46,shares,Array Technologies
174,PSA,BBG000BPPN67,shares,Public Storage REIT
175,COLD,BBG000QF05R6,shares,Americold Realty Trust REIT
176,FBIN,BBG001B4BV87,shares,Fortune Brands Innovations
177,UPS,BBG000L9CV04,shares,United Parcel Service
178,MBUU,BBG005PXTR70,shares,Malibu Boats Inc
179,ARI,BBG000NFPF36,shares,Apollo Commercial Real Estate
180,ZBH,BBG000BKPL53,shares,Zimmer Biomet Holdings
181,XP,BBG00QVJYGM9,shares,XP Inc
182,BDC,BBG000Q4XNV1,shares,Belden Inc
183,HSKA,BBG000BWFH48,shares,Heska Corp
184,PPL,BBG000BRJL00,shares,PPL
185,CABO,BBG000F02T51,shares,Cable One
186,FDX,BBG000BJF1Z8,shares,FedEx
187,VRNS,BBG001Y04TN6,shares,Varonis Systems Inc
188,VKCO,TCS00A106YF0,shares,ВК
189,CRL,BBG000BG5BL8,shares,Charles River Laboratories Int
190,CIAN@US,TCS0418T1088,shares,Циан АДР
191,CNI,BBG000HS74G6,shares,Canadian National Railway Co
192,ZION,BBG000BX9WL1,shares,Zions Bancorporation
193,IVZ,BBG000BY2Y78,shares,Invesco
194,PARA,BBG000C496P7,shares,Paramount Global
195,DBX,BBG0018SLDN0,shares,Dropbox Inc
196,STEM,BBG00XP8NQN4,shares,Stem
197,TTLK,BBG000RJL816,shares,Таттелеком
198,DRI,BBG000BBNYF6,shares,Darden Restaurants
199,DD,BBG00BN961G4,shares,DuPont de Nemours Inc
200,CNP,BBG000FDBX90,shares,CenterPoint Energy
201,CNTL,BBG000BBV4M5,shares,Центральный Телеграф
202,SLAB,BBG000BB99S3,shares,Silicon Laboratories Inc
203,ANSS,BBG000GXZ4W7,shares,ANSYS
204,SDGR,BBG000T88BN2,shares,Schrodinger Inc
205,CROX,BBG000BLY663,shares,Crocs Inc
206,SJW,BBG000BT1ZY7,shares,SJW Group
207,ATEX,BBG0081NLHR0,shares,Anterix
208,QDEL,BBG017TGV7M2,shares,QuidelOrtho Corp
209,TDOC,BBG0019T5SG0,shares,Teladoc Health Inc
210,OSIS,BBG000BWPR54,shares,OSI Systems Inc
211,IBP,BBG005TJKDZ6,shares,Installed Building Products
212,SITE,BBG009T22D49,shares,SiteOne Landscape Supply Inc
213,IART,BBG000BZJQL8,shares,Integra LifeSciences Holdings
214,SIG,BBG000C4ZZ10,shares,Signet Jewelers
215,HA,BBG000BC4185,shares,Hawaiian Holdings Inc
216,USPH,BBG000CSRSG6,shares,US Physical Therapy Inc
217,CWH,BBG00D2Z7X83,shares,"Camping World Holdings, Inc."
218,CGNX,BBG000BPBVW5,shares,Cognex Corp
219,FRT,BBG000BJVN28,shares,Federal Realty Investment Trust REIT
220,BGS,BBG000RKXRQ1,shares,B&G Foods Inc
221,PRGS,BBG000C4QP94,shares,Progress Software Corp
222,CLBK,BBG003222R31,shares,Columbia Financial
223,DLTR,BBG000BSC0K9,shares,Dollar Tree
224,WCC,BBG000D0FNV3,shares,WESCO International Inc
225,GTX,BBG00HY28P97,shares,Garrett Motion Inc
226,PFGC,BBG009XW2WB8,shares,Performance Food Group Co
227,COF,BBG000BGKTF9,shares,Capital One
228,CHGG,BBG0014XR0N5,shares,Chegg Inc
229,KIDS,BBG00HFFRW39,shares,OrthoPediatrics Corp
230,KVYO,BBG009WR3FL5,shares,Klaviyo
231,FIXP@GS,TCS0835G2057,shares,Fix Price Group
232,1997,BBG00J76TKS1,shares,Wharf Real Estate
233,MSGE,BBG019980TD4,shares,Madison Square Garden Entertainment Corp.
234,LOW,BBG000BNDN65,shares,Lowe's
235,AMP,BBG000G3QLY3,shares,Ameriprise Financial
236,OZON@US,TCS0269L1044,shares,Ozon Holdings PLC
237,MGNT,BBG004RVFCY3,shares,Магнит
238,SVAV,BBG004S68JR8,shares,СОЛЛЕРС
239,AZO,BBG000C7LMS8,shares,AutoZone
240,PRG,BBG00VSH86G4,shares,PROG Holdings
241,ABR,BBG000KMVDV1,shares,Arbor Realty Trust REIT
242,PETQ,BBG00H1CY328,shares,PetIQ Inc
243,GS,BBG000C6CFJ5,shares,Goldman Sachs
244,PPG,BBG000BRJ809,shares,PPG Industries
245,MKSI,BBG000BVMG26,shares,MKS Instruments
246,SCHW,BBG000BSLZY7,shares,The Charles Schwab Corporation
247,175,BBG000BZ3PX4,shares,Geely Automobile Holdings
248,WYNN,BBG000LD9JQ8,shares,Wynn Resorts
249,RDN,BBG000BMWV95,shares,Radian Group
250,MCO,BBG000F86GP6,shares,Moody's
251,CNXC,BBG00RCNQMX3,shares,Concentrix Corporation
252,FTCH,BBG00LSD4456,shares,Farfetch Ltd
253,SPGI,BBG000BP1Q11,shares,S&P Global
254,BC,BBG000BCWSS3,shares,Brunswick Corp DE
255,RDY,BBG000NJ96L6,shares,Dr. Reddy's Laboratories
256,SPBE,BBG002GHV6L9,shares,СПБ Биржа
257,ALB,BBG000BJ26K7,shares,Albemarle
258,MELI,BBG000GQPB11,shares,MercadoLibre Inc
259,CSWI,BBG007NLG4L3,shares,CSW Industrials Inc
260,916,BBG000P2MRM9,shares,China Longyuan Power Group
261,UAA,BBG000BXM6V2,shares,Under Armour
262,UNP,BBG000BW3299,shares,Union Pacific Corporation
263,NTLA,BBG007KC7PB0,shares,Intellia Therapeutics Inc
264,FFIN,BBG000BL8476,shares,"First Financial Bankshares, Inc."
265,ECPG,BBG000F369C7,shares,Encore Capital Group Inc
266,291,BBG000BKWM80,shares,China Resources Beer
267,HIG,BBG000G0Z878,shares,Hartford Financial Services
268,SAIC,BBG003BW05K6,shares,Science Applications Internati
269,WAT,BBG000FQRVM3,shares,Waters
270,ACGL,BBG000HXNN20,shares,Arch Capital Group
271,SITM,BBG00QNSY1H7,shares,SiTime
272,O,BBG000DHPN63,shares,Realty Income REIT
273,CDW,BBG001P63B80,shares,CDW Corp
274,DGX,BBG000BN84F3,shares,Quest Diagnostics
275,ZM,BBG0042V6JM8,shares,Zoom Video Communications Inc
276,VTS,BBG01B9G0GS3,shares,Vitesse Energy
277,UHS,BBG000CB8Q50,shares,Universal Health Services
278,HOG,BBG000BKZTP3,shares,Harley-Davidson
279,WELL,BBG000BKY1G5,shares,Welltower REIT
280,POWI,BBG000BTT3D1,shares,Power Integrations Inc
281,KTB,BBG00LPTHYD5,shares,Kontoor Brands Inc
282,PAG,BBG000H6K1B0,shares,Penske Automotive Group
283,MED,BBG000BWBW76,shares,Medifast Inc
284,UGI,BBG000BVYN55,shares,UGI Corp
285,SLB,BBG000BT41Q8,shares,Schlumberger
286,LPSN,BBG000BSV0W5,shares,LivePerson Inc
287,TM,BBG000BPH299,shares,Toyota Motor Corp
288,ENSG,BBG000K1T9L0,shares,Ensign Group Inc
289,GTLB,BBG00DHTYPH8,shares,GitLab
290,386,BBG000MQF8G6,shares,China Petroleum & Chemical Corp
291,BXP,BBG000BS5CM9,shares,Boston Properties REIT
292,TEL,BBG000RGM5P1,shares,TE Connectivity
293,EIX,BBG000D7RKJ5,shares,Edison International
294,6185,BBG00NN6QG15,shares,CanSino Biologics
295,JBHT,BBG000BMDBZ1,shares,JB Hunt
296,ODFL,BBG000CHSS88,shares,Old Dominion Freight Line Inc
297,SPNS,BBG000G3YP84,shares,Sapiens International Corporation N.V.
298,NEWR,BBG001NFKJ68,shares,New Relic Inc
299,AXSM,BBG00B6G7GL7,shares,Axsome Therapeutics Inc
300,PLL,BBG00YJ7NBQ1,shares,Piedmont Lithium
301,FCEL,BBG000HQ1LB3,shares,FuelCell Energy
302,PRFT,BBG000BVXFK6,shares,Perficient Inc
303,RKT,BBG00VY1MYW7,shares,Rocket Companies
304,VIRT,BBG0064N2T78,shares,"Virtu Financial, Inc."
305,ASH,BBG00D0Y81M1,shares,Ashland Inc
306,GEVO,BBG000P7S7L7,shares,Gevo
307,ABNB,BBG001Y2XS07,shares,"Airbnb, Inc"
308,ETLN,BBG001M2SC01,shares,Etalon Group PLC ГДР
309,ET,BBG000BM2FL9,shares,Energy Transfer LP
310,AXON,BBG000BHJWG1,shares,Axon Enterprise Inc
311,2269,BBG00GTY47H0,shares,Wuxi Biologics
312,RIDE,BBG00N6NL712,shares,Lordstown Motors Corp
313,APPN,BBG001C7PMJ2,shares,Appian Corp
314,700,BBG000BJ35N5,shares,Tencent Holdings
315,PSMT,BBG000BTKR92,shares,"PriceSmart, Inc."
316,VREX,BBG00CZNLR47,shares,Varex Imaging Corp
317,TRMB,BBG000BNPS52,shares,Trimble Inc
318,WBD,BBG011386VF4,shares,Warner Bros. Discovery
319,ROST,BBG000BSBZH7,shares,Ross Stores
320,CTAS,BBG000H3YXF8,shares,Cintas
321,SHOP,BBG008HBD923,shares,Shopify Inc
322,COTY,BBG000F395V1,shares,Coty
323,ITGR,BBG000BW6JV4,shares,Integer Holdings Corp
324,YUM,BBG000BH3GZ2,shares,Yum!
325,TKR,BBG000BV95H9,shares,Timken Co The
326,HCSG,BBG000BKYVF0,shares,Healthcare Services Group Inc
327,RTKMP,BBG004S685M3,shares,Ростелеком - Привилегированные акции
328,FUL,BBG000BJZ7V7,shares,HB Fuller Co
329,GEMC,BBG011MCM288,shares,United medical group
330,ALRM,BBG007GNPYY7,shares,Alarm com Holdings Inc
331,NSP,BBG000BJ41X2,shares,InsperIty Inc
332,PGR,BBG000BR37X2,shares,Progressive
333,TRHC,BBG00BT7PPY8,shares,Tabula Rasa HealthCare In
334,KRC,BBG000BLMXN8,shares,Kilroy Realty Corp REIT
335,CWT,BBG000D8KTN6,shares,California Water Service
336,KZOSP,BBG0029SG1C1,shares,ПАО «КАЗАНЬОРГСИНТЕЗ» - акции привилегированные
337,AXP,BBG000BCQZS4,shares,American Express
338,A,BBG000C2V3D6,shares,Agilent Technologies
339,EBS,BBG000GW06J7,shares,Emergent BioSolutions Inc
340,CPT,BBG000BB0V03,shares,Camden Property REIT
341,W,BBG001B17MV2,shares,Wayfair Inc
342,HOLX,BBG000C3NTN5,shares,Hologic
343,ANIK,BBG000BBKZD8,shares,Anika Therapeutics Inc
344,GEF,BBG000BLFNC0,shares,Greif Inc
345,FRPT,BBG001D0HB36,shares,Freshpet Inc
346,NI,BBG000BPZBB6,shares,NiSource Inc
347,TMHC,BBG003PGJHP5,shares,Taylor Morrison Home Corp
348,BXMT,BBG000BGKJ70,shares,Blackstone Mortgage Trust REIT
349,SNOW,BBG007DHGNJ4,shares,Snowflake Inc
350,PATH,BBG00GKS1G03,shares,"UiPath, Inc."
351,SBH,BBG000LR8515,shares,Sally Beauty Holdings Inc
352,WUSH,TCS00A105EX7,shares,Whoosh
353,COP,BBG000BQQH30,shares,ConocoPhillips
354,ZBRA,BBG000CC7LQ7,shares,Zebra Technologies Corp
355,ASO,BBG00X7L1C14,shares,Academy Sports & Outdoors
356,CXW,BBG000BJSJT2,shares,CoreCivic
357,SHOO,BBG000BLV2Q3,shares,"Steven Madden, Ltd."
358,VVX,BBG005PG80K4,shares,"V2X, Inc."
359,GSHD,BBG00KHHBMC5,shares,"Goosehead Insurance, Inc."
360,BLDR,BBG000BKD3K9,shares,Builders FirstSource Inc
361,DIOD,BBG000G25P51,shares,Diodes Inc
362,CSGS,BBG000G3TQV2,shares,CSG Systems International Inc
363,AFMD,BBG006R5SSH5,shares,Affimed NV
364,HI,BBG000KT0GV3,shares,Hillenbrand
365,ZTS,BBG0039320N9,shares,Zoetis
366,PRLB,BBG000BT13B3,shares,Proto Labs Inc
367,KMAZ,BBG000LNHHJ9,shares,КАМАЗ
368,AEM,BBG000DLVDK3,shares,Agnico Eagle Mines
369,INTU,BBG000BH5DV1,shares,Intuit
370,BRBR,BBG013QNJHP8,shares,BellRing Brands
371,KZOS,BBG0029SFXB3,shares,ПАО «КАЗАНЬОРГСИНТЕЗ»
372,CHRW,BBG000BTCH57,shares,C.H. Robinson Worldwide
373,NHI,BBG000CGWSJ3,shares,National Health Investors REIT
374,ORI,BBG000C4PLF7,shares,Old Republic International Corporation
375,BBSI,BBG000BHJSC4,shares,Barrett Business Services Inc
376,RAMP,BBG000BB4HM6,shares,LiveRamp Holdings Inc
377,LII,BBG000BB5B84,shares,Lennox International Inc
378,FIXP,BBG00ZHCX1X2,shares,Fix Price Group
379,EA,BBG000BP0KQ8,shares,Electronic Arts
380,PACB,BBG000QKXH20,shares,Pacific Biosciences of California
381,CDNA,BBG006JS5785,shares,CareDx Inc
382,SKM,BBG000BLN497,shares,SK Telecom Co.
383,PEP,BBG000DH7JK6,shares,PepsiCo
384,IAC,BBG00S1LR2C3,shares,IAC Inc
385,TCX,BBG000L69KL5,shares,Tucows Inc
386,PHOR,BBG004S689R0,shares,ФосАгро
387,MOH,BBG000MBHNC8,shares,Molina Healthcare Inc
388,DLTH,BBG002GBMZG4,shares,Duluth Holdings Inc
389,RRX,BBG000BRXTR8,shares,Regal Rexnord
390,OSUR,BBG000J3D1Y8,shares,OraSure Technologies Inc
391,ORLY,BBG000BGYWY6,shares,O'Reilly Automotive
392,AIR,BBG000BBGQF1,shares,AAR Corp
393,AVNS,BBG005L86G05,shares,Avanos Medical Inc
394,ALT,BBG000FXML90,shares,Altimmune
395,CBRE,BBG000C04224,shares,CBRE Group
396,DUK,BBG000BHGDH5,shares,Duke Energy Corp
397,BWXT,BBG000D86F25,shares,BWX Technologies
398,MSGS,BBG007FG0C23,shares,Madison Square Garden Sports Corp.
399,RS,BBG000CJ2181,shares,Reliance Steel & Aluminum Co
400,914,BBG000BVKWW0,shares,Anhui Conch Cement
401,SGMO,BBG000BHYT80,shares,Sangamo Therapeutics
402,HHRU,TCS2207L1061,shares,HeadHunter Group PLC
403,CMI,BBG000BGPTV6,shares,Cummins
404,MHO,BBG000BL9MZ4,shares,M/I Homes Inc
405,PRTS,BBG000N26V95,shares,CarParts.com
406,CAH,BBG000D898T9,shares,Cardinal Health
407,UCTT,BBG000HSLV70,shares,Ultra Clean Holdings Inc
408,QTWO,BBG005ZVK9P2,shares,Q2 Holdings Inc
409,ULTA,BBG00FWQ4VD6,shares,Ulta Beauty
410,VMI,BBG000BWB7V4,shares,Valmont Industries
411,868,BBG000LG6G08,shares,Xinyi Glass Holdings
412,VRSN,BBG000BGKHZ3,shares,VeriSign
413,ABBV,BBG0025Y4RY4,shares,AbbVie
414,KEY,BBG000BMQPL1,shares,KeyCorp
415,LNZL,BBG000SK7JS5,shares,Лензолото
416,ALG,BBG000BJTZX0,shares,Alamo Group Inc.
417,PLCE,BBG000JK9DK4,shares,Children's Place Inc The
418,CACI,BBG000KQY8Y7,shares,CACI International
419,LEA,BBG000PTLGZ1,shares,Lear Corp
420,VST,BBG00DXDL6Q1,shares,Vistra
421,MGTSP,BBG000PZ0833,shares,МГТС - акции привилегированные
422,ZWS,BBG000H8R0N8,shares,Zurn Elkay Water Solutions
423,WTS,BBG000C4Z6C2,shares,Watts Water Technologies Inc
424,OGE,BBG000BQGLS5,shares,OGE Energy Corp.
425,JBSS,BBG000CHPMY5,shares,John B Sanfilippo & Son Inc
426,ELFV,BBG000F6YPH8,shares,ЭЛ5-Энерго
427,9992,BBG00Y9WVZ76,shares,Pop Mart
428,TSP,BBG00ZSDS6T8,shares,TuSimple Holdings
429,PKG,BBG000BB8SW7,shares,Packaging Corp of America
430,DMTK,BBG00H19F184,shares,DermTech
431,MDB,BBG0022FDRY8,shares,MongoDB Inc
432,NOK,BBG000BNGBW9,shares,Nokia
433,WH,BBG00HCY3Q67,shares,Wyndham Hotels & Resorts
434,UDR,BBG000C41023,shares,UDR REIT
435,BLK,BBG000C2PW58,shares,BlackRock
436,PENN,BBG000CDZLV8,shares,PENN Entertainment
437,WFC,BBG000BWQFY7,shares,Wells Fargo & Company
438,SELG,BBG002458LF8,shares,Селигдар
439,OKE,BBG000BQHGR6,shares,ONEOK
440,SIVB,BBG000BT0CM2,shares,SVB Financial Group
441,OMC,BBG000BS9489,shares,Omnicom Group
442,ZYXI,BBG000BJBXZ2,shares,Zynex Inc
443,USNA,BBG000BX28M0,shares,USANA Health Sciences Inc
444,AGCO,BBG000DCCZW2,shares,AGCO Corp
445,HXL,BBG000BLMDQ9,shares,Hexcel Corp
446,RBLX,BBG001R1GCT0,shares,ROBLOX Corp
447,IDCC,BBG000HLJ7M4,shares,InterDigital
448,MTN,BBG000BCMWM1,shares,Vail Resorts Inc
449,NIC,BBG000QK0TG5,shares,Nicolet Bankshares
450,RCL,BBG000BB5792,shares,Royal Caribbean Cruises
451,NOV,BBG000BJX8C8,shares,National Oilwell Varco
452,TOST,BBG00BTJVK94,shares,Toast
453,HWM,BBG00DYNJGH9,shares,Howmet Aerospace
454,TASK,BBG009CL6VK3,shares,TaskUs
455,RETA,BBG000R33BD1,shares,Reata Pharmaceuticals Inc
456,IOSP,BBG000BMFNP4,shares,Innospec
457,TWOU,BBG001KS9450,shares,2U Inc
458,AGRO,BBG007N0Z367,shares,РусАгро
459,GOOGL,BBG009S39JX6,shares,Alphabet Class A
460,IIPR,BBG00F0SW7N8,shares,Innovative Industrial Properties REIT
461,TAL,BBG0016XJ8S0,shares,TAL Education Group
462,GTHX,BBG005F1DK91,shares,G1 Therapeutics Inc
463,TATNP,BBG004S68829,shares,Татнефть - привилегированные акции
464,MUR,BBG000BPMH90,shares,Murphy Oil
465,NDAQ,BBG000F5VVB6,shares,Nasdaq
466,ALLO,BBG00KHRRDX3,shares,Allogene Therapeutics Inc
467,AOS,BBG000BC1L02,shares,A. O. Smith Corporation
468,VEON-RX,BBG00R4Z2NT4,shares,VEON
469,FI,TCS377381088,shares,Fiserv
470,AVY,BBG000BCQ4P6,shares,Avery Dennison
471,1099,BBG000VWV3Z5,shares,Sinopharm Group
472,CB,BBG000BR14K5,shares,Chubb
473,METC,BBG00BCQJ2X3,shares,Ramaco Resources Inc
474,ESTC,BBG00LWZDYB9,shares,Elastic NV
475,CYRX,BBG000PNTXP0,shares,Cryoport
476,SQ,BBG0018SLC07,shares,Block
477,OLED,BBG000BLRP41,shares,Universal Display Corp
478,DVA,BBG000MQ1SN9,shares,DaVita HealthCare Partners
479,FLWS,BBG000BBR9P6,shares,1-800-Flowers.com Inc
480,ORA,BBG000Q5BQ63,shares,Ormat Technologies
481,CPRT,BBG000BM9RH1,shares,Copart Inc
482,CSL,BBG000BGGBT8,shares,Carlisle Companies Incorporated
483,JLL,BBG000C2L2L0,shares,Jones Lang LaSalle Inc
484,RACE,BBG009PH3Q86,shares,Ferrari N.V.
485,2319,BBG000PXTGY5,shares,China Mengniu Dairy
486,AFRM,BBG00Y7BP8Y1,shares,Affirm Holdings
487,MATV,BBG000C3CWZ7,shares,Mativ Holdings
488,DECK,BBG000BKXYX5,shares,Deckers Outdoor Corp
489,ADP,BBG000JG0547,shares,Automatic Data Processing
490,NYT,BBG000FFC0B3,shares,New York Times
491,LEGH,BBG00MJDR6J9,shares,Legacy Housing Corp
492,SWK,BBG000BTQR96,shares,Stanley Black & Decker
493,MS,BBG000BLZRJ2,shares,Morgan Stanley
494,MOS,BBG000BFXHL6,shares,Mosaic
495,CWST,BBG000BT0J38,shares,Casella Waste Systems
496,RMD,BBG000L4M7F1,shares,ResMed Inc
497,FARO,BBG000BJD7C2,shares,FARO Technologies Inc
498,BLNG,BBG000VQWH86,shares,Белон
499,EVBG,BBG0022FMPD5,shares,Everbridge Inc
500,ORMP,BBG000LRYR36,shares,Oramed Pharmaceuticals
501,PRFN,TCS00A0JNXF9,shares,ЧЗПСН
502,MASI,BBG000C3W281,shares,Masimo Corporation
503,NVRO,BBG001K61W36,shares,Nevro
504,ANF,BBG000H9G7X2,shares,Abercrombie & Fitch
505,OGS,BBG004WQKD07,shares,ONE Gas
506,GGG,BBG000BK9W84,shares,Graco
507,RSKD,BBG011P2TCH8,shares,Riskified
508,2202,BBG006KY4KF4,shares,China Vanke
509,IDXX,BBG000BLRT07,shares,IDEXX
510,FSLR,BBG000BFL116,shares,First Solar
511,COUR,BBG002WLDMW5,shares,"Coursera, Inc."
512,YEXT,BBG001MKZGY7,shares,Yext Inc
513,WDFC,BBG000BWNV93,shares,WD-40 Co
514,PLUG,BBG000C1XSP8,shares,Plug Power Inc
515,KD,BBG012W99DN6,shares,Kyndryl Holdings
516,COLB,BBG000CTGXS2,shares,Columbia Banking System
517,2518,BBG00ZHT7FY2,shares,Autohome
518,WST,BBG000BX24N8,shares,West Pharmaceutical Services I
519,UTHR,BBG000BV4XJ1,shares,United Therapeutics Corp
520,PNTG,BBG00P33SY72,shares,Pennant Group Inc
521,FLR,BBG000BB1TH9,shares,Fluor
522,FLT,BBG000GPXKX9,shares,FleetCor Technologies Inc
523,MD,BBG000H8LGK2,shares,Pediatrix Medical Group
524,MDC,BBG000BNTTY4,shares,M.D.C. Holdings
525,NVEE,BBG005BT60Y8,shares,NV5 Global Inc
526,MANU,BBG0035WV4N9,shares,Manchester United Plc
527,UPBD,BBG000BHQJX3,shares,Upbound Group
528,EMN,BBG000BLW530,shares,Eastman Chemical Company
529,GPK,BBG000GQ7K93,shares,Graphic Packaging Holding Company
530,VMW,BBG000BC9938,shares,VMware
531,YETI,BBG00D8JC882,shares,YETI Holdings Inc
532,HCCI,BBG000CCFB17,shares,Heritage-Crystal Clean Inc
533,NABL,BBG00YJKWXD8,shares,N-able
534,UEC,BBG000LCK3Q2,shares,Uranium Energy Corp
535,ZNTL,BBG00R2K8TF5,shares,Zentalis Pharmaceuticals
536,ARW,BBG000BCD3D5,shares,Arrow Electronics Inc
537,1109,BBG000HPNDX5,shares,China Resources Land
538,FCFS,BBG0145KL747,shares,FirstCash
539,WDAY,BBG000VC0T95,shares,Workday Inc
540,FOCS,BBG00L0YTFN8,shares,Focus Financial Partners Inc
541,PRO,TCS4346Y1038,shares,PROS Holdings
542,ADM,BBG000BB6WG8,shares,Archer-Daniels-Midland Company
543,1299,BBG0016XR1Q8,shares,AIA Group
544,GPS,BBG000BKLH74,shares,Gap
545,RYN,BBG000BG7L34,shares,Rayonier REIT
546,UA,BBG009DTD8H2,shares,Under Armour (C)
547,1347,BBG0078Q6BC4,shares,Hua Hong Semiconductor
548,XOM,BBG000GZQ728,shares,Exxon Mobil Corporation
549,EMBC,BBG014L7D4G1,shares,Embecta
550,MAGN,BBG004S68507,shares,Магнитогорский металлургический комбинат
551,VTBR,BBG004730ZJ9,shares,Банк ВТБ
552,LUMN,BBG000BGLRN3,shares,Lumen Technologies
553,WMG,BBG00RP2T9T6,shares,Warner Music Group
554,SMLT,BBG00F6NKQX3,shares,ГК Самолет
555,MAT,BBG000BNNYW1,shares,Mattel
556,CNMD,BBG000BFZVH8,shares,CONMED Corporation
557,WRLD,BBG000C3G9J2,shares,World Acceptance Corp
558,VSTO,BBG006F8QZK4,shares,Vista Outdoor
559,ARCT,BBG00NNW8JK1,shares,Arcturus Therapeutics Holdings
560,LFUS,BBG000BGFGT8,shares,Littelfuse
561,SAVA,BBG000BK9YW3,shares,Cassava Sciences
562,TPH,BBG0016YQTR5,shares,"Tri Pointe Homes, Inc."
563,AVNT,BBG000C8NJ10,shares,Avient Corporation
564,EL,BBG000FKJRC5,shares,The Estee Lauder Companies
565,AAP,BBG000F7RCJ1,shares,Advance Auto Parts
566,BANE,BBG004S68758,shares,Башнефть
567,ICLR,BBG000CTSZQ6,shares,ICON plc
568,TWST,BBG006KDCHJ4,shares,Twist Bioscience
569,GHC,BBG000C3FGH9,shares,Graham Holdings Co
570,AON,BBG00SSQFPK6,shares,Aon
571,TTD,BBG00629NGT2,shares,Trade Desk Inc/The
572,AFLT,BBG004S683W7,shares,Аэрофлот
573,EFX,BBG000BHPL78,shares,Equifax
574,QS,BBG00VJ17DS2,shares,QuantumScape Corporation
575,AWH,BBG000BTYP37,shares,Aspira Womens Health
576,2020,BBG000QWR4M8,shares,Anta Sports Products
577,MKC,BBG000G6Y5W4,shares,McCormick & Co
578,MCK,BBG000DYGNW7,shares,McKesson
579,RPD,BBG009DFHWG6,shares,Rapid7 Inc
580,CIAN,BBG012YQ6P43,shares,Циан АДР
581,TRUP,BBG002BC7WC5,shares,Trupanion Inc
582,CARM,TCS00A105NV2,shares,КарМани
583,MHK,BBG000FLZN98,shares,Mohawk Industries
584,CELL,BBG00HJ8K617,shares,PhenomeX
585,MA,BBG000F1ZSQ2,shares,Mastercard
586,3800,BBG000TRZNP2,shares,GCL Technology
587,RUAL,BBG008F2T3T2,shares,РУСАЛ
588,ATRC,BBG000BL6CB5,shares,AtriCure
589,NKHP,BBG00BGKYH17,shares,НКХП
590,SMAR,BBG00GQK3WB5,shares,Smartsheet Inc
591,GLBE,BBG00ZKY1P71,shares,Global-E Online Ltd
592,COHR,BBG000BLW102,shares,Coherent Corp
593,DT,BBG00PNN7C40,shares,Dynatrace Inc
594,SBAC,BBG000D2M0Z7,shares,SBA Communications REIT
595,AWR,BBG000F964B6,shares,American States Water Co
596,SIGI,BBG000BSZ738,shares,Selective Insurance Group
597,GLPI,BBG003MSMCS6,shares,Gaming and Leisure Properties REIT
598,HLNE,BBG00FX58Q66,shares,Hamilton Lane Incorporated
599,NMIH,BBG005DLMMZ6,shares,NMI Holdings Inc
600,RBA,BBG000C1DF05,shares,RB Global
601,PLTK,BBG00QQ8C789,shares,Playtika Holding Corp.
602,PDS,BBG000BBK2X9,shares,Precision Drilling
603,VYX,TCS0086E1082,shares,NCR Corp
604,OSTK,BBG000BF7BV7,shares,Overstock.com
605,LTHM,BBG00LV3NRG0,shares,Livent Corporation
606,MNDY,BBG00GF8K4W4,shares,Monday.Com
607,CGEN,BBG000B9ZLB0,shares,Compugen
608,ITCI,BBG0026ZFZC4,shares,"Intra-Cellular Therapies, Inc"
609,CRMT,BBG000CM6L31,shares,America's Car-Mart Inc TX
610,TOL,BBG000BVHBM1,shares,Toll Brothers Inc
611,AEIS,BBG000FKMP26,shares,Advanced Energy Industries Inc
612,FG,BBG01BGVGG87,shares,F&G Annuities & Life
613,SPG,BBG000BJ2D31,shares,Simon Property Group REIT
614,NVR,BBG000BQBYR3,shares,NVR Inc
615,EVER,BBG00F17NDH7,shares,EverQuote
616,AWK,BBG000TRJ294,shares,American Water Works
617,WKC,TCS814751064,shares,World Kinect Corporation
618,CTLT,BBG005XR47P5,shares,Catalent Inc
619,LC,BBG001YKDND6,shares,Lending Club
620,BERY,BBG000Q1R1Y9,shares,Berry Global Group Inc
621,SCL,BBG000BSMFN2,shares,Stepan Company
622,CMC,BBG000BFSND8,shares,Commercial Metals Company
623,WHR,BBG000BWSV34,shares,Whirlpool
624,BA,BBG000BCSST7,shares,BOEING
625,3908,BBG00B0THY80,shares,China International Capital Corporation
626,IRWD,BBG000GBZ3J2,shares,Ironwood Pharmaceuticals
627,DASH,BBG005D7QCJ3,shares,DoorDash
628,GMED,BBG002V87SD0,shares,Globus Medical Inc
629,TFC,BBG000BYYLS8,shares,Truist Financial Corporation
630,DINO,BBG0135B2214,shares,HF Sinclair Corporation
631,GEHC,BBG01BFR8YV1,shares,GE HealthCare Technologies
632,1044,BBG000CJXNB5,shares,Hengan Group
633,EAT,BBG000BK28N7,shares,Brinker International Inc
634,ACAD,BBG000BHG9K0,shares,ACADIA Pharmaceuticals Inc
635,SBER,BBG004730N88,shares,Сбер Банк
636,SNAP,BBG00441QMJ7,shares,Snap Inc
637,TSM,BBG000BD8ZK0,shares,Taiwan Semiconductor Manufacturing
638,SLP,BBG000BS2ZD1,shares,Simulations Plus Inc.
639,HZO,BBG000C1SRH5,shares,"MarineMax, Inc."
640,CPB,BBG000BG4202,shares,Campbell Soup
641,VRT,BBG00L2B8KW8,shares,Vertiv Holdings Co
642,CHD,BBG000BFJT36,shares,Church & Dwight
643,BBWI,BBG000BNGTQ7,shares,Bath & Body Works
644,AMCX,BBG000H01H92,shares,AMC Networks Inc
645,RUN,BBG0025XVR85,shares,Sunrun Inc
646,AKAM,BBG000BJQWD2,shares,Akamai Technologies
647,PGNY,BBG002H1K1H1,shares,Progyny Inc
648,SR,BBG000BN6KG8,shares,Spire Inc.
649,CP,BBG000BCVMH9,shares,Canadian Pacific Kansas City
650,SRE,BBG000C2ZCH8,shares,Sempra
651,IBM,BBG000BLNNH6,shares,IBM
652,NOVA,BBG00PLQ1JR1,shares,Sunnova Energy International
653,ZUMZ,BBG000PYX812,shares,Zumiez Inc
654,TMUS,BBG000NDV1D4,shares,T-Mobile US Inc
655,MODG,BBG000CPCVY1,shares,Topgolf Callaway Brands
656,USM,BBG000BW6P59,shares,United States Cellular Corp
657,ZYNE,BBG007BBS8B7,shares,Zynerba Pharmaceuticals Inc
658,ABG,BBG000BKDWB5,shares,Asbury Automotive Group Inc
659,3,BBG000BDWT45,shares,Hong Kong and China Gas Co.
660,MRVL,BBG00ZXBJ153,shares,"Marvell Technology, Inc."
661,AMTI,BBG00R240WL5,shares,Applied Molecular Transport
662,SKLZ,BBG00RQ732B6,shares,Skillz Inc.
663,1171,BBG000BKZ1H3,shares,Yankuang Energy Group
664,RRR,BBG00B6G8077,shares,Red Rock Resorts
665,VCEL,BBG000BDCM24,shares,Vericel Corp
666,AVB,BBG000BLPBL5,shares,AvalonBay Communities REIT
667,ITRI,BBG000BD2167,shares,Itron Inc
668,MTB,BBG000D9KWL9,shares,M&T Bank
669,16,BBG000BF0155,shares,Sun Hung Kai Properties
670,857,BBG000BFNTD0,shares,PetroChina
671,BMO,BBG000DLY9B9,shares,Bank of Montreal
672,2359,BBG00MP10H94,shares,WuXi AppTec
673,HON,BBG000H556T9,shares,Honeywell
674,TTC,BBG000BVQRY3,shares,Toro
675,ACIW,BBG000PMBV39,shares,"ACI Worldwide, Inc."
676,AVXL,BBG000C9K8K4,shares,Anavex Life Sciences Corp.
677,GECO,TCS00A105BN4,shares,Генетико
678,ESAB,BBG0028ZMP45,shares,ESAB Corporation
679,AN,BBG000BBXLW4,shares,AutoNation
680,SEE,BBG000C22QV7,shares,Sealed Air
681,MDMG,BBG00Y3XYV94,shares,Мать и дитя
682,T,BBG000BSJK37,shares,AT&T
683,EQH,BBG00J7CBVW8,shares,Equitable Holdings
684,ATI,BBG000LC1FS4,shares,Allegheny Technologies
685,2328,BBG000BYRGX1,shares,PICC Property and Casualty
686,COIN,BBG00ZGF7771,shares,Coinbase
687,CLSK,BBG001MB89V6,shares,Cleanspark Inc
688,NSIT,BBG000DY3K39,shares,Insight Enterprises Inc
689,DNMR,BBG00S4VMQT2,shares,Danimer Scientific
690,ATNI,BBG000F8RCH1,shares,"ATN International, Inc"
691,CGNT,BBG00R0ZFHV4,shares,Cognyte Software Ltd.
692,CNHI,BBG0059JSF49,shares,CNH Industrial N.V.
693,CBU,BBG000BF4D19,shares,Community Bank System
694,SRDX,BBG000BZ2QG2,shares,Surmodics Inc
695,FCNCA,BBG000BJCDS3,shares,"First Citizens BancShares, Inc."
696,BNTX,BBG00Q70B3V1,shares,BioNTech SE
697,3690,BBG00LLV9WW6,shares,Meituan
698,IEX,BBG000C1HN22,shares,IDEX Corp
699,GTRK,BBG00HY6V6H5,shares,ГТМ
700,MVID,BBG004S68CP5,shares,М.видео
701,BOX,BBG000PMSK08,shares,Box Inc
702,KYMR,BBG00SDHC8D1,shares,Kymera Therapeutics
703,STLD,BBG000HGYNZ9,shares,Steel Dynamics Inc
704,ARNC,BBG00R45JYB7,shares,Arconic
705,MKTX,BBG000BJBZ23,shares,MarketAxess Holdings Inc
706,DFS,BBG000QBR5J5,shares,Discover Financial Services
707,SILK,BBG0026ZJRY4,shares,Silk Road Medical
708,ENTA,BBG001V9NSB4,shares,Enanta Pharmaceuticals Inc
709,INMD,BBG00PPS73P4,shares,Inmode Ltd
710,VCYT,BBG001J2M542,shares,Veracyte Inc
711,HBAN,BBG000BKWSR6,shares,Huntington Bancshares
712,PD,BBG0043BYPB8,shares,Pagerduty Inc
713,PCRX,BBG0018FQNS6,shares,Pacira BioSciences Inc
714,LKQ,BBG000PXDL44,shares,LKQ Corporation
715,POOL,BBG000BCVG28,shares,Pool Corp
716,WBS,BBG000BWMX63,shares,Webster Financial Corporation
717,HD,BBG000BKZB36,shares,The Home Depot
718,QUOT,BBG001QYNR63,shares,Quotient Technology Inc
719,BECN,BBG000BKTXF2,shares,Beacon Roofing Supply Inc
720,FL,BBG000BX8DC4,shares,Foot Locker
721,IPAR,BBG000GCSWR5,shares,Inter Parfums Inc
722,1385,BBG000C1FPY4,shares,Shanghai Fudan Microelectronics
723,NTGR,BBG000C4GBR6,shares,NETGEAR Inc
724,NARI,BBG009J8K7M0,shares,Inari Medical Inc
725,J,BBG019C1BQR4,shares,Jacobs Solutions
726,BANEP,BBG004S686N0,shares,Башнефть - привилегированные акции
727,RBC,BBG000GMGNB3,shares,RBC Bearings Inc
728,BRX,BBG001LFLZZ1,shares,Brixmor Property Group REIT
729,OXY,BBG000BQQ2S6,shares,Occidental Petroleum
730,APD,BBG000BC4JJ4,shares,Air Products & Chemicals
731,GES,BBG000BC26P7,shares,Guess? Inc
732,VRTV,BBG005XZHR97,shares,Veritiv Corp
733,NDSN,BBG000BPWGR1,shares,Nordson Corp
734,SWN,BBG000BTR593,shares,Southwestern Energy
735,RARE,BBG001RWPDW6,shares,Ultragenyx Pharmaceutical Inc
736,SWI,BBG00M1CKSK7,shares,SolarWinds Corp
737,CI,BBG00KXRCDP0,shares,Cigna
738,OKEY,BBG00172J7S9,shares,O'Key Group SA
739,INCY,BBG000BNPSQ9,shares,Incyte
740,ALRS,BBG004S68B31,shares,АЛРОСА
741,2333,BBG000CYZ1K8,shares,Great Wall Motor
742,1658,BBG00DSLKXX3,shares,Postal Savings Bank of China
743,MYRG,BBG000BC7VW9,shares,MYR Group Inc
744,ANDE,BBG000BF8CN3,shares,Andersons Inc
745,FOUR,BBG00TX393L4,shares,Shift4 Payments
746,UDMY,BBG0025DTRN5,shares,Udemy
747,SBUX,BBG000CTQBF3,shares,Starbucks Corporation
748,AMKR,BBG000BCKGW7,shares,Amkor Technology
749,BFH,BBG000BFNR17,shares,Bread Financial
750,SNX,BBG000CL9JV4,shares,SYNNEX Corp
751,MSFT,BBG000BPH459,shares,Microsoft Corporation
752,TER,BBG000BV4DR6,shares,Teradyne Inc
753,TWNK,BBG00B6KGNN1,shares,Hostess Brands Inc
754,UFPI,BBG000BL0T06,shares,"UFP Industries, Inc"
755,RY,BBG000BSSC44,shares,Royal Bank of Canada
756,DISH,BBG000C2YHG9,shares,DISH Network Corp
757,CPRI,BBG0029SNR63,shares,Capri Holdings Limited
758,ALK,BBG000BBL0Y1,shares,Alaska Air Group
759,ALLK,BBG003QBJKN0,shares,Allakos Inc
760,QCOM,BBG000CGC1X8,shares,Qualcomm
761,HUN,BBG000NS26Q8,shares,Huntsman
762,CBRL,BBG000BF33K1,shares,Cracker Barrel Old Country Sto
763,MAS,BBG000BNNKG9,shares,Masco
764,BKU,BBG000PQPCM6,shares,"BankUnited, Inc."
765,SAIA,BBG000P5LMQ0,shares,Saia Inc
766,SAP,BBG000BDSLD7,shares,АДР SAP
767,GRMN,BBG000C4LN67,shares,Garmin
768,MGY,BBG00GNC8DL2,shares,Magnolia Oil & Gas Corp
769,ZIP,BBG010JBYV98,shares,ZipRecruiter Inc
770,PSEC,BBG000Q3RGN4,shares,Prospect Capital Corporation
771,MKL,BBG000FC7366,shares,Markel Group
772,ERIE,BBG000BBTJZ1,shares,Erie IndemnIty Co
773,SRCL,BBG000H3FZM6,shares,Stericycle
774,TRGP,BBG0015XMW40,shares,Targa Resources
775,6618,BBG00Y6QRNM7,shares,JD Health International
776,BDX,BBG000BCZYD3,shares,"Becton, Dickinson and Company"
777,LRCX,BBG000BNFLM9,shares,Lam Research
778,SONO,BBG001JZPSQ2,shares,SONOS INC
779,CNNE,BBG00GXRNJP4,shares,Cannae Holdings
780,TCS,TCS7238U2033,shares,TCS Group (Tinkoff Bank holder)
781,NRIX,BBG00SDJ8M78,shares,Nurix Therapeutics Inc
782,MLCO,BBG000BHP8J4,shares,Melco Resorts & Entertainment
783,PG,BBG000BR2TH3,shares,Procter & Gamble
784,PCOR,BBG0026ZJ304,shares,Procore Technologies
785,HRTX,BBG000G2GJT7,shares,Heron Therapeutics Inc
786,STT,BBG000BKFBD7,shares,State Street
787,ALGM,BBG00H5S8391,shares,Allegro MicroSystems
788,MRKP,BBG000VG1034,shares,Россети Центр и Приволжье
789,INTC,BBG000C0G1D1,shares,Intel Corporation
790,JELD,BBG0019GM953,shares,JELD-WEN Holding Inc
791,COKE,BBG000BG1SX2,shares,Coca-Cola Consolidated Inc
792,DOCS,BBG0026ZJQX7,shares,"Doximity, Inc."
793,TCBI,BBG000DN4ZT1,shares,Texas Capital Bancshares Inc
794,FR,BBG000CKGDS5,shares,First Industrial REIT
795,FELE,BBG000BJGGV8,shares,Franklin Electric Co
796,RE,BBG000C1XVK6,shares,Everest Group
797,AIG,BBG000BBDZG3,shares,American International Group
798,ENTG,BBG000CTV4N4,shares,Entegris Inc
799,CVCO,BBG000K4WS65,shares,Cavco Industries Inc
800,TRV,BBG000BJ81C1,shares,Travelers Cos
801,SAH,BBG000BBMNG0,shares,Sonic Automotive
802,IONS,BBG000JH6683,shares,Ionis Pharmaceuticals Inc
803,ECL,BBG000BHKYH4,shares,Ecolab
804,HHC,BBG000MJRJJ2,shares,Howard Hughes Corp
805,PAYX,BBG000BQSQ38,shares,Paychex Inc
806,FLOT,BBG000R04X57,shares,Совкомфлот
807,BROS,BBG01282ZHB3,shares,Dutch Bros
808,MRNA,BBG003PHHZT1,shares,Moderna Inc
809,SHEN,BBG000BTC2N0,shares,Shenandoah Telecommunications
810,ENS,BBG000PWTD92,shares,EnerSys
811,OII,BBG000CPBCL8,shares,Oceaneering International Inc
812,TRI,BBG000BBS9F6,shares,Thomson Reuters Corporation
813,XPO,BBG000L5CJF3,shares,"XPO, Inc."
814,LDOS,BBG000C23PB0,shares,Leidos Holdings
815,SPLK,BBG001C7TST4,shares,Splunk
816,KOPN,BBG000C2SBZ8,shares,Kopin Corporation
817,AAPL,BBG000B9XRY4,shares,Apple
818,NVS,BBG000LYF3S8,shares,Novartis AG
819,WM,BBG000BWVSR1,shares,Waste Management
820,267,BBG000BF0V40,shares,CITIC
821,ALLE,BBG003PS7JV1,shares,Allegion
822,ALGT,BBG000LJS6B8,shares,Allegiant Travel Co
823,COR,TCS3073E1055,shares,Cencora
824,BKNG,BBG000BLBVN4,shares,Booking
825,PMSBP,BBG000MZL2S9,shares,Пермэнергосбыт - акции привилегированные
826,PRTA,BBG003PDKJF7,shares,Prothena Corporation
827,AMR,BBG00DGWV035,shares,Alpha Metallurgical Resources Inc.
828,AGIO,BBG000QY4ZD0,shares,Agios Pharmaceuticals Inc
829,ONL,BBG0118JXCD9,shares,Orion Office REIT
830,FND,BBG007GJ2F81,shares,Floor & Decor Holdings Inc
831,STAG,BBG000BGLFP7,shares,STAG Industrial REIT
832,ETSY,BBG000N7MXL8,shares,Etsy Inc
833,HALO,BBG000CZ8W54,shares,Halozyme Therapeutics Inc
834,DLO,BBG00XGCHFV7,shares,DLocal
835,M,BBG000C46HM9,shares,Macy's
836,FIS,BBG000BK2F42,shares,Fidelity National Information
837,VICR,BBG000C3VHF1,shares,Vicor Corp
838,HE,BBG000BL0P40,shares,"Hawaiian Electric Industries, Inc."
839,YY,BBG003H0XV18,shares,JOYY Inc
840,TATN,BBG004RVFFC0,shares,Татнефть
841,NKE,BBG000C5HS04,shares,NIKE
842,SYY,BBG000BTVJ25,shares,Sysco
843,NRG,BBG000D8RG11,shares,NRG Energy
844,LRN,BBG000QSXPZ9,shares,"Stride, Inc"
845,DLX,BBG000BH6360,shares,Deluxe Corp
846,FTDR,BBG00H9MNDZ2,shares,"Frontdoor, Inc."
847,KHC,BBG005CPNTQ2,shares,Kraft Heinz
848,FIVE,BBG00JXPFBN0,shares,X5 RetailGroup ГДР
849,MSTT,BBG004S68DD6,shares,Мостотрест
850,MMSI,BBG000C42VX0,shares,MerIt Medical Systems Inc
851,WWD,BBG000BD53V2,shares,Woodward Inc
852,AG,BBG000CH7WB8,shares,First Majestic Silver Corp
853,BL,BBG0029KJVB0,shares,Blackline Inc
854,6098,BBG00L3B3R02,shares,Country Garden Services
855,AUPH,BBG000BCRJM5,shares,Aurinia Pharmaceuticals
856,RHI,BBG000BS5DR2,shares,Robert Half
857,ITW,BBG000BMBL90,shares,Illinois Tool Works
858,ATGE,BBG000DQBZJ7,shares,Adtalem Global Education Inc
859,INGN,BBG0021PH456,shares,Inogen Inc
860,MTLR,BBG004S68598,shares,Мечел
861,9696,BBG018KZQ6K7,shares,Tianqi Lithium Corporation
862,SAVE,BBG000BF6RQ9,shares,Spirit Airlines Inc
863,12,BBG000BDWF36,shares,Henderson Land
864,960,BBG000CHNH78,shares,Longfor
865,SIGA,BBG000BKXWV1,shares,SIGA Technologies
866,2388,BBG000F6F1G3,shares,Bank of China (Hong Kong)
867,OMF,BBG005497GZ3,shares,OneMain Holdings
868,QRVO,BBG007TJF1N7,shares,Qorvo
869,NUE,BBG000BQ8KV2,shares,Nucor
870,THG,BBG000FJH8W0,shares,Hanover Insurance Group
871,CG,BBG000BH3F20,shares,Carlyle Group
872,NTCO,BBG00R4ZKPN5,shares,Natura & Co Holding S.A.
873,ENPH,BBG001R3MNY9,shares,Enphase Energy Inc
874,LPLA,BBG000P2TYL8,shares,LPL Financial Holdings
875,BLZE,BBG0037X6HX3,shares,Backblaze
876,RRBI,BBG000QKNLB2,shares,Red River Bancshares
877,BILL,BBG00QVJV6V4,shares,Bill.com Holdings Inc
878,HYLN,BBG00N9MJTZ9,shares,Hyliion Holdings Corp.
879,670,BBG000BP6D06,shares,China Eastern Airlines
880,ELAN,BBG00LJYS1P8,shares,Elanco Animal Health Inc
881,JOUT,BBG000HCXFS4,shares,Johnson Outdoors Inc
882,IPGP,BBG000DCGRL8,shares,IPG Photonics Corporation
883,BMI,BBG000BDGHD9,shares,Badger Meter Inc
884,POST,BBG001WTBC36,shares,Post Holdings Inc
885,UNFI,BBG000BXB1M5,shares,United Natural Foods
886,STRA,BBG000GRZDV1,shares,Strategic Education Inc
887,KALU,BBG000PKZDX4,shares,Kaiser Aluminum Corp
888,QLYS,BBG000HT5G06,shares,Qualys Inc
889,TTMI,BBG000BYQ0B1,shares,TTM Technologies Inc
890,EEFT,BBG000BMNBY1,shares,Euronet Worldwide Inc
891,ROP,BBG000F1ZSN5,shares,Roper Technologies
892,1898,BBG000NYJKS4,shares,China Coal Energy
893,CBT,BBG000BF3WW4,shares,Cabot Corporation
894,SKT,BBG000D2JB50,shares,Tanger Factory Outlet Centers REIT
895,PATK,BBG000BQSBB2,shares,Patrick Industries Inc
896,ABIO,TCS10A0JNAB6,shares,Артген
897,TECH,BBG000C15114,shares,Bio-Techne
898,TAK,BBG000LF8708,shares,Takeda Pharmaceutical Co Ltd
899,SBRA,BBG000MTDW24,shares,Sabra Health Care REIT
900,NWLI,BBG008HNHZ07,shares,National Western Life Group In
901,ATUS,BBG00GFMPRK0,shares,Altice USA Inc
902,CARA,BBG001J2QYS9,shares,Cara Therapeutics Inc
903,TXT,BBG000BVVQQ8,shares,Textron
904,TEX,BBG000C7B436,shares,Terex Corporation
905,ARVN,BBG00LW7YK82,shares,Arvinas Inc
906,BTAI,BBG00K20GVD2,shares,BioXcel Therapeutics
907,CASY,BBG000BF0672,shares,Casey's General Stores Inc
908,SLG,BBG000BVP5P2,shares,SL Green REIT
909,AIZ,BBG000BZX1N5,shares,Assurant
910,DKS,BBG000F6ZWH2,shares,Dick's Sporting Goods Inc
911,KEYS,BBG0059FN811,shares,Keysight Technologies Inc
912,FSR,BBG00LPWLFD4,shares,Fisker
913,PBH,BBG000QM0RZ4,shares,Prestige Consumer Healthcare I
914,NU,BBG0136WM1M4,shares,Nubank
915,OSK,BBG000CC53X1,shares,Oshkosh Corporation
916,WISH,BBG006DZTJ56,shares,ContextLogic
917,HII,BBG001KJ2HM9,shares,Huntington Ingalls Industries Inc
918,CNO,BBG000Q1GK24,shares,CNO Financial Group Inc
919,XENE,BBG0073DM784,shares,Xenon Pharmaceuticals Inc
920,3988,BBG000NQGF05,shares,Bank of China
921,UWGN,BBG008HD3V85,shares,ОВК
922,NVAX,BBG000NVSBL7,shares,Novavax
923,WSC,BBG00B0FS947,shares,WillScot Mobile Mini Holdings
924,INVH,BBG00FQH6BS9,shares,Invitation Homes REIT
925,UUUU,BBG000BXTPV3,shares,Energy Fuels
926,AKRN,BBG004S688G4,shares,Акрон
927,SFM,BBG001KFKQM7,shares,Sprouts Farmers Market Inc
928,MSTR,BBG000GQJPZ0,shares,MicroStrategy Inc
929,BNGO,BBG001KWWRS9,shares,"Bionano Genomics, Inc."
930,SNBR,BBG000DM2BF3,shares,Sleep Number Corp
931,BHF,BBG00DYPZ4T0,shares,Brighthouse Financial
932,1876,BBG00P4RBR99,shares,Budweiser Brewing
933,SKIN,BBG00XKM1DC3,shares,The Beauty Health Company
934,AMH,BBG003NXJNH6,shares,American Homes 4 Rent REIT
935,GAZP,BBG004730RP0,shares,Газпром
936,STAA,BBG000C4QB95,shares,STAAR Surgical Co
937,CTSH,BBG000BBDV81,shares,Cognizant Technology Solutions
938,JBT,BBG000VLBCQ1,shares,John Bean Technologies
939,DVEC,BBG000V07CB8,shares,ДЭК
940,MAA,BBG000BLMY92,shares,Mid-America Apartment REIT
941,UI,BBG001R72SR9,shares,Ubiquiti Inc
942,CRI,BBG000CTM4J9,shares,Carter's Inc
943,CMS,BBG000BFVXX0,shares,CMS Energy Corporation
944,ETLN@GS,TCS0760G1031,shares,Etalon Group PLC ГДР
945,RNG,BBG000J094P3,shares,RingCentral Inc
946,DY,BBG000C4SKT1,shares,Dycom Industries Inc
947,9988,BBG00QV37ZP9,shares,Alibaba
948,HSY,BBG000BLHRS2,shares,Hershey
949,IBN,BBG000DRM643,shares,ICICI Bank
950,LH,BBG000D9DMK0,shares,LabCorp
951,STNE,BBG00M4ZQDK0,shares,StoneCo
952,AMT,BBG000B9XYV2,shares,American Tower REIT
953,XEL,BBG000BCTQ65,shares,Xcel Energy
954,SBERP,BBG0047315Y7,shares,Сбер Банк - привилегированные акции
955,CVGW,BBG000BGPQW1,shares,Calavo Growers Inc
956,PH,BBG000BR3KL6,shares,Parker-Hannifin
957,RTKM,BBG004S682Z6,shares,Ростелеком
958,BH,BBG00JPRDQH1,shares,Biglari Holdings Inc
959,CHTR,BBG000VPGNR2,shares,Charter Communications
960,VC,BBG0016T3GQ0,shares,Visteon Corp
961,EXPO,BBG000F31Z34,shares,"Exponent, Inc."
962,KMPR,BBG000H3GDJ8,shares,Kemper
963,CRNC,BBG00MMDJG84,shares,Cerence
964,RVTY,BBG000FXYF54,shares,Revvity
965,JNPR,BBG000BY33P5,shares,Juniper Networks
966,COOP,BBG002V098F7,shares,Mr. Cooper Group
967,AGO,BBG000CQB185,shares,Assured Guaranty Ltd
968,SIRI,BBG000BT0093,shares,Sirius XM Holdings Inc
969,LENT,BBG0063FKTD9,shares,Лента
970,FTNT,BBG000BCMBG4,shares,Fortinet Inc
971,LIFE,BBG0019K04R5,shares,Фармсинтез
972,AES,BBG000C23KJ3,shares,The AES Corporation
973,EQR,BBG000BG8M31,shares,Equity Residential REIT
974,BIO,BBG000DY28W5,shares,Bio-Rad Laboratories Inc
975,IOVA,BBG000FTLBV7,shares,Iovance Biotherapeutics Inc
976,NEU,BBG000BJ5SS8,shares,NewMarket Corp
977,ALLY,BBG000BC2R71,shares,Ally Financial Inc
978,ESGR,BBG000NQKP71,shares,Enstar Group
979,TEAM,BBG00BDQ1H13,shares,Atlassian
980,AMG,BBG000C060M4,shares,Affiliated Managers Group
981,KOD,BBG00BVR0D02,shares,Kodiak Sciences Inc
982,INSG,BBG00DWX7QH0,shares,Inseego Corp
983,FRPH,BBG000HCVWW4,shares,FRP Holdings Inc
984,BSPB,BBG000QJW156,shares,Банк Санкт-Петербург
985,MTSS,BBG004S681W1,shares,МТС
986,DV,BBG00ZNRRJM2,shares,"DoubleVerify Holdings, Inc."
987,KDP,BBG000TJM7F0,shares,Keurig Dr Pepper
988,GLTR@GS,TCS1949E2046,shares,Globaltrans Investment PLC
989,QNCX,BBG00BTK1DT8,shares,Quince Therapeutics
990,AM,BBG00GBNZ4M0,shares,Antero Midstream Corp
991,CSCO,BBG000C3J3C9,shares,Cisco
992,ASTR,RU000A106T36,shares,Астра
993,GIS,BBG000BKCFC2,shares,General Mills
994,WIX,BBG005CM7J89,shares,Wix.com Ltd
995,NFE,BBG00MJH9LC4,shares,New Fortress Energy
996,FSLY,BBG004NLQHL0,shares,Fastly Inc
997,RRC,BBG000FVXD63,shares,Range Resources
998,NJR,BBG000BPZVW9,shares,New Jersey Resources Corp
999,CHKP,BBG000K82ZT8,shares,Check Point Software Technologies Ltd
1000,AYX,BBG000BGZT72,shares,Alteryx Inc
1001,BILI,BBG00K7T3037,shares,Bilibili Inc
1002,MOMO,BBG007HTCQT0,shares,Hello Group
1003,TGKN,BBG000RG4ZQ4,shares,ТГК-14
1004,CMCO,BBG000BCWWV0,shares,Columbus McKinnon Corp
1005,BKR,BBG00GBVBK51,shares,Baker Hughes
1006,TRNFP,BBG00475KHX6,shares,Транснефть - привилегированные акции
1007,VFC,BBG000BWCKB6,shares,VF
1008,BTI,BBG000BWPXQ8,shares,British American Tobacco
1009,RKKE,BBG000LWNRP3,shares,РКК Энергия им.С.П.Королева
1010,OI,BBG00R2JZG39,shares,O-I Glass
1011,EXP,BBG000BJW241,shares,Eagle Materials Inc
1012,SXT,BBG000J79P80,shares,Sensient Technologies Corp
1013,DHI,BBG000DQTXY6,shares,D.R. Horton
1014,EXC,BBG000J6XT05,shares,Exelon Corporation
1015,2899,BBG000DCTP29,shares,Zijin Mining Group
1016,LSNG,BBG000NLC9Z6,shares,Ленэнерго
1017,PHIN,BBG01F6N6NM7,shares,PHINIA
1018,3898,BBG000C6Z021,shares,Zhuzhou CRRC Times Electric
1019,WABC,BBG000DD3KP1,shares,Westamerica Bancorporation
1020,LUV,BBG000BNJHS8,shares,Southwest Airlines
1021,RENI,BBG00QKJSX05,shares,Ренессанс Страхование
1022,PMT,BBG000DKDWS5,shares,PennyMac Mortgage Investment REIT
1023,PEG,BBG000BQZMH4,shares,Public Service Enterprise Group
1024,SYF,BBG00658F3P3,shares,Synchrony Financial
1025,2883,BBG000PH54R1,shares,China Oilfield Services Ltd
1026,ADUS,BBG000NJGX84,shares,Addus HomeCare Corp
1027,SSD,BBG000JLC8L8,shares,Simpson Manufacturing Co Inc
1028,HRB,BBG000BLDV98,shares,H&R Block
1029,METCB,BBG01GHDJBW6,shares,Ramaco Resources Class B
1030,ALTR,BBG000PN9NB9,shares,Altair Engineering Inc
1031,VLO,BBG000BBGGQ1,shares,Valero Energy Corporation
1032,MOV,BBG000BL30Y9,shares,Movado Group Inc
1033,268,BBG000FQH8C6,shares,Kingdee International Software
1034,MRKC,BBG000VH7TZ8,shares,Россети Центр
1035,FTRE,BBG01GZF9VY6,shares,Fortrea Holdings Inc.
1036,GKOS,BBG000WG2LQ1,shares,Glaukos Corp
1037,HIBB,BBG000H001V3,shares,"Hibbett, Inc."
1038,EPAM,BBG000MHTV89,shares,EPAM Systems
1039,AMBA,BBG001QZCPJ2,shares,Ambarella
1040,UTL,BBG000BW7X97,shares,Unitil Corporation
1041,KBH,BBG000BMLWX8,shares,KB Home
1042,NVST,BBG00LN4B5N0,shares,Envista Holdings
1043,AFL,BBG000BBBNC6,shares,Aflac Incorporated
1044,CCK,BBG000BF6756,shares,Crown Holdings Inc
1045,1336,BBG0028VY3J4,shares,New China Life Insurance
1046,REG,BBG000BL46Q4,shares,Regency Centers REIT
1047,STZ,BBG000J1QLT0,shares,Constellation Brands
1048,GT,BBG000BKNX95,shares,Goodyear Tire & Rubber
1049,SAM,BBG000BCZBF1,shares,Boston Beer Co Inc The
1050,CINF,BBG000BFPK65,shares,Cincinnati Financial Corporation
1051,ACMR,BBG00HPSG933,shares,ACM Research Inc
1052,KWR,BBG000DZS2L9,shares,Quaker Chemical Corp
1053,GL,BBG000BVD6X4,shares,Globe Life Inc
1054,HAE,BBG000C7TF41,shares,Haemonetics Corp
1055,CDAY,BBG005D7PF34,shares,Ceridian HCM Holding
1056,CRUS,BBG000C1DHF5,shares,Cirrus Logic Inc
1057,EXR,BBG000PV27K3,shares,Extra Space Storage REIT
1058,ROL,BBG000BSBBP1,shares,Rollins
1059,9888,BBG00ZMFX1S5,shares,Baidu
1060,TNL,TBG000PV2L86,shares,Travel + Leisure Co.
1061,LNG,BBG000C3HSR0,shares,Cheniere Energy
1062,POSI,TCS00A103X66,shares,Positive Technologies
1063,QGEN,BBG000GTYWL7,shares,QIAGEN NV
1064,MARA,BBG001K7WBT8,shares,Marathon Digital Holdings
1065,EAR,BBG009HSTZ10,shares,Eargo
1066,BSX,BBG000C0LW92,shares,Boston Scientific Corporation
1067,SPB@US,BBG000DS5588,shares,Spectrum Brands Holdings Inc
1068,NFG,BBG000BPYD87,shares,National Fuel Gas Company
1069,WRB,BBG000BD1HP2,shares,WR Berkley
1070,JWN,BBG000G8N9C6,shares,Nordstrom
1071,CEVA,BBG000BN3P07,shares,CEVA
1072,ENV,BBG000Q4NZ54,shares,Envestnet Inc
1073,RL,BBG000BS0ZF1,shares,Ralph Lauren
1074,CVNA,BBG00GCTWDJ3,shares,Carvana Co
1075,RPM,BBG000DCNK80,shares,RPM International Inc
1076,CCS,BBG006G412Q6,shares,Century Communities
1077,FEES,BBG00475JZZ6,shares,ФСК Россети
1078,SWAV,BBG005XVXML5,shares,Shockwave Medical Inc
1079,FIGS,BBG004SK5VL9,shares,FIGS
1080,CNS,BBG000BB0WG4,shares,Cohen & Steers Inc
1081,KMB,BBG000BMW2Z0,shares,Kimberly-Clark
1082,JNJ,BBG000BMHYD1,shares,Johnson & Johnson
1083,MQ,BBG0112Z87D8,shares,"Marqeta, Inc."
1084,KMI,BBG0019JZ882,shares,Kinder Morgan
1085,PLNT,BBG009H04M17,shares,Planet FItness Inc
1086,ZD,BBG000F3CWW7,shares,Ziff Davis
1087,SMPL,BBG00GVP5JL4,shares,Simply Good Foods Co
1088,KROT,BBG000NLB2G3,shares,Красный Октябрь
1089,ROKU,BBG001ZZPQJ6,shares,Roku Inc
1090,KMX,BBG000BLMZK6,shares,CarMax
1091,NWE,BBG000Q1NMJ4,shares,NorthWestern Energy Group
1092,KAZT,BBG002B9MYC1,shares,КуйбышевАзот
1093,APAM,BBG001M6CZY1,shares,Artisan Partners Asset Management
1094,ZG,BBG000D13GN8,shares,Zillow Group Inc
1095,HST,BBG000BL8804,shares,Host Hotels & Resorts REIT
1096,PUBM,BBG001PKMK06,shares,PubMatic
1097,TAP,BBG000BS7KS3,shares,Molson Coors Brewing
1098,EVH,BBG005CHLM96,shares,Evolent Health Inc
1099,MDGL,BBG000QS6NV8,shares,Madrigal Pharmaceuticals Inc
1100,9626,BBG00ZNW65W3,shares,Bilibili
1101,Z,BBG009NRSWJ4,shares,Zillow Group Inc
1102,UNM,BBG000BW2QX0,shares,Unum
1103,PSN,BBG000C3TKY6,shares,Parsons
1104,JPM,BBG000DMBXR2,shares,JPMorgan
1105,RUGR,BBG0014PFYM2,shares,Русгрэйн
1106,KFY,BBG000C5QMB5,shares,Korn Ferry
1107,968,BBG001XVDJ15,shares,Xinyi Solar
1108,TTEK,BBG000BYZ0Q5,shares,Tetra Tech
1109,PMSB,BBG000MZL0Y6,shares,Пермэнергосбыт
1110,SLVM,BBG0122M8031,shares,Sylvamo Corp.
1111,FGEN,BBG000FW5ZL6,shares,FIBROGEN INC
1112,SOHU,BBG00L2DB535,shares,Sohu.com
1113,MEI,BBG000BNY197,shares,Methode Electronics Inc
1114,KNF,BBG002N3N2R4,shares,Knife River Corporation
1115,ABCL,BBG00LLW2MF2,shares,AbCellera Biologics
1116,27,BBG000BG5LL6,shares,Galaxy Entertainment Group
1117,S,BBG00B6F2F09,shares,"SentinelOne, Inc."
1118,WOLF,BBG000BG14P4,shares,Wolfspeed
1119,MTG,BBG000CBMH27,shares,MGIC Investment Corp
1120,NFLX,BBG000CL9VN6,shares,Netflix
1121,ED,BBG000BHLYS1,shares,Consolidated Edison
1122,WY,BBG000BX3BL3,shares,Weyerhaeuser REIT
1123,SIBN,BBG004S684M6,shares,Газпром нефть
1124,INDB,BBG000BM0597,shares,Independent Bank Corp
1125,OUST,BBG00XRTSTR1,shares,Ouster
1126,MRK,BBG000BPD168,shares,Merck
1127,VSCO,BBG01103B471,shares,Victorias Secret & Co.
1128,BCO,BBG000DR5QP5,shares,Brink's Co
1129,NVRI,TCS158641070,shares,Enviri Corporation
1130,NPK,BBG000BQ4GG2,shares,National Presto Industries Inc
1131,992,BBG000BG4QM5,shares,Lenovo
1132,YAKG,BBG002B298N6,shares,ЯТЭК
1133,EQIX,BBG000MBDGM6,shares,Equinix REIT
1134,ASTS,BBG00Q402TR2,shares,AST SpaceMobile
1135,VIPS,BBG002NLDLV8,shares,Vipshop
1136,ELV,BBG000BCG930,shares,Elevance Health
1137,UMBF,BBG000DD8WX1,shares,UMB Financial
1138,CFLT,BBG007HWGYQ5,shares,Confluent
1139,TGKB,BBG000Q7GG57,shares,ТГК-2
1140,XRAY,BBG000BX57K1,shares,Dentsply Sirona
1141,SBGI,BBG01GJ3NY88,shares,Sinclair
1142,D,BBG000BGVW60,shares,Dominion Energy Inc
1143,688,BBG000BGD8W4,shares,China Overseas Land & Investment
1144,GO,BBG00P4R3079,shares,Grocery Outlet Holding Corp
1145,GOSS,BBG00MVWLLM2,shares,Gossamer Bio Inc
1146,BRK.B,BBG000DWG505,shares,Berkshire Hathaway
1147,BRC,BBG000BDNV95,shares,Brady
1148,URBN,BBG000BL79J3,shares,Urban Outfitters
1149,CE,BBG000JYP7L8,shares,Celanese Corp
1150,KLSB,BBG000DBD6F6,shares,Калужская сбытовая компания
1151,NXPI,BBG000BND699,shares,NXP Semiconductors NV
1152,CARG,BBG00HQ77DS2,shares,Cargurus Inc
1153,GE,BBG000BK6MB5,shares,General Electric Company
1154,AMGN,BBG000BBS2Y0,shares,Amgen
1155,CHMK,BBG000RP8V70,shares,ЧМК
1156,KLIC,BBG000BMTX31,shares,Kulicke & Soffa Industries
1157,MGA,BBG000BNLPJ7,shares,Magna International Inc.
1158,WIRE,BBG000CQCCK6,shares,Encore Wire Corporation
1159,HBI,BBG000D2ZTS8,shares,Hanesbrands
1160,CPNG,BBG00XMJRPQ8,shares,"Coupang, Inc."
1161,HIW,BBG000C43744,shares,Highwoods Properties
1162,UNF,BBG000BW29L1,shares,UniFirst Corp MA
1163,CALM,BBG000CDMJW6,shares,Cal-Maine Foods Inc
1164,WPM,BBG000PVRDL2,shares,Wheaton Precious Metals
1165,BALL,BBG000BDDNH5,shares,Ball Corporation
1166,9633,BBG00WR0QPZ7,shares,Nongfu Spring
1167,RNFT,BBG00F9XX7H4,shares,РуссНефть
1168,2601,BBG000KVB7C7,shares,China Pacific Insurance
1169,2618,BBG010RJL3B5,shares,JD Logistics
1170,MSRS,BBG004S687G6,shares,Россети Московский регион
1171,MRVI,BBG00Y1DFV91,shares,Maravai LifeSciences Holdings
1172,DAR,BBG000BN8ZK8,shares,Darling Ingredients Inc
1173,PXD,BBG000BXRPH1,shares,Pioneer Natural Resources
1174,CLB,BBG01GG28WR3,shares,Core Laboratories Inc.
1175,2318,BBG000GD4N44,shares,Ping An
1176,PFSI,BBG00LMYX123,shares,PennyMac Financial Services
1177,2313,BBG000JSJ2F6,shares,Shenzhou International Group
1178,HGV,BBG00CBYY6M1,shares,Hilton Grand Vacations Inc
1179,CENT,BBG000BFD605,shares,Central Garden & Pet Co
1180,AYI,BBG000BJ5HK0,shares,Acuity Brands
1181,ASGN,BBG000CRN8N8,shares,ASGN Inc
1182,SU,BBG000BRK7L6,shares,Suncor Energy
1183,TLS,BBG000BK34C7,shares,Telos Corporation
1184,DNOW,BBG005BLN209,shares,NOW Inc
1185,CHDN,BBG000BGXMG9,shares,Churchill Downs Inc
1186,PHM,BBG000BR54L0,shares,PulteGroup
1187,ESPR,BBG004KB3S72,shares,Esperion Therapeutics Inc
1188,VRSK,BBG000BCZL41,shares,Verisk Analytics
1189,FLYW,BBG002030NC4,shares,Flywire
1190,CC,BBG005H82GB2,shares,Chemours Company
1191,EAF,BBG00KDYT8C4,shares,GrafTech International Ltd
1192,MRKZ,BBG000TJ6F42,shares,Россети Северо-Запад
1193,MSI,BBG000BP8Z50,shares,Motorola Solutions
1194,ICFI,BBG000BBXVK5,shares,"ICF International, Inc."
1195,LW,BBG003CVMLQ2,shares,Lamb Weston Holdings Inc
1196,WHD,BBG00JRH1P95,shares,Cactus Inc
1197,ATO,BBG000BRNGM2,shares,Atmos Energy Corp
1198,APTK,BBG000K3STR7,shares,"Аптечная сеть 36,6"
1199,9618,BBG00VC6RYV6,shares,JD.com
1200,INVA,BBG000CG9XT7,shares,Innoviva Inc
1201,COST,BBG000F6H8W8,shares,Costco Wholesale
1202,CVX,BBG000K4ND22,shares,Chevron
1203,SYNA,BBG000BQV1S2,shares,Synaptics Inc
1204,388,BBG000BGW354,shares,Hong Kong Exchanges and Clearing
1205,MMI,BBG005GBRSR6,shares,Marcus & Millichap Inc
1206,AIV,BBG000DD3510,shares,Apartment Investment & Management REIT
1207,EGP,BBG000BHRBT4,shares,EastGroup Properties REIT
1208,1810,BBG00KVTBY91,shares,Xiaomi
1209,TNC,BBG000JCZJS2,shares,Tennant Company
1210,RJF,BBG000BS73J1,shares,Raymond James Financial
1211,AIT,BBG000BBHHP9,shares,Applied Industrial Technologies
1212,ROCK,BBG000BKQDQ7,shares,Gibraltar Industries Inc
1213,DVN,BBG000BBVJZ8,shares,Devon Energy
1214,AVA,BBG000BCNF74,shares,Avista Corporation
1215,ARWR,BBG000BRVKH0,shares,Arrowhead Pharmaceuticals Inc
1216,CME,BBG000BHLYP4,shares,CME GROUP
1217,VERU,BBG000G12J78,shares,Veru Inc
1218,AXGN,BBG000BN46R9,shares,Axogen Inc
1219,FANG,BBG002PHSYX9,shares,Diamondback Energy Inc
1220,CZR,BBG0074Q3NK6,shares,Caesars Entertainment Corporation
1221,ACM,BBG000F61RJ8,shares,AECOM
1222,PLUS,BBG000HN7W02,shares,ePlus Inc
1223,JBL,BBG000BJNGN9,shares,Jabil Inc.
1224,CXT,BBG017BXPZ85,shares,Crane NXT
1225,SBNY,BBG000M6TR37,shares,Signature Bank
1226,NTRA,BBG001J1BQ86,shares,Natera inc
1227,AAL,BBG005P7Q881,shares,American Airlines Group
1228,HHR,TCS0207L1061,shares,HeadHunter Group PLC
1229,BSY,BBG000BMSRR9,shares,Bentley Systems
1230,DEI,BBG000PN1SJ8,shares,Douglas Emmett REIT
1231,FMC,BBG000BJP882,shares,FMC
1232,QIWI,BBG005D1WCQ1,shares,QIWI
1233,PFG,BBG000NSCNT7,shares,Principal Financial Group
1234,CNXN,BBG000BX74M4,shares,PC Connection Inc
1235,OTIS,BBG00RP60KV0,shares,Otis Worldwide
1236,IRAO,BBG004S68473,shares,Интер РАО ЕЭС
1237,2382,BBG000C16952,shares,Sunny Optical Technology
1238,LNN,BBG000FJS1S8,shares,Lindsay Corporation
1239,MAN,BBG000BNMHS4,shares,ManpowerGroup Inc
1240,BG,BBG000DGPR66,shares,Bunge
1241,DLR,BBG000Q5ZRM7,shares,Digital Realty REIT
1242,101,BBG000BDTCX4,shares,Hang Lung
1243,RYTM,BBG007DLZ601,shares,Rhythm Pharmaceuticals Inc
1244,PYPL,BBG0077VNXV6,shares,PayPal Holdings
1245,DOV,BBG000BHB3M6,shares,Dover
1246,LICY,BBG0122LQVR9,shares,Li-Cycle Holdings
1247,THRM,BBG000BQLM34,shares,Gentherm Inc
1248,KTOS,BBG000C1HQ43,shares,Kratos Defense & Security Solutions
1249,1113,BBG007WDD4B5,shares,CK Asset Holdings
1250,VALE,BBG000BN5LG7,shares,Vale SA
1251,HYDR,BBG00475K2X9,shares,РусГидро
1252,AGNC,BBG000TJ8XZ7,shares,AGNC Investment REIT
1253,ADSK,BBG000BM7HL0,shares,Autodesk
1254,FIZZ,BBG000BF8CB6,shares,National Beverage Corp
1255,AZPN,BBG017J18W74,shares,Aspen Technology
1256,SPSC,BBG000PZGB75,shares,SPS Commerce Inc
1257,2600,BBG000CN0Y73,shares,Aluminum Corp of China
1258,AMEH,BBG000H7ZK57,shares,Apollo Medical Holdings
1259,TRU,BBG002Q7J5Z1,shares,TransUnion
1260,PNFP,BBG000C1XKF6,shares,Pinnacle Financial Partners In
1261,6865,BBG00BGJYS07,shares,Flat Glass Group
1262,881,BBG000QCN464,shares,Zhongsheng
1263,ARCH,BBG00DZB5D77,shares,Arch Coal Inc
1264,SO,BBG000BT9DW0,shares,Southern
1265,FORM,BBG000D1Y3P1,shares,FormFactor Inc
1266,TFII,BBG000HJS1F0,shares,TFI International
1267,ROK,BBG000BBCDZ2,shares,Rockwell Automation
1268,DOCU,BBG000N7KJX8,shares,DocuSign Inc
1269,GPI,BBG000BB88K4,shares,Group 1 Automotive Inc
1270,SLGN,BBG000BPDDB6,shares,Silgan Holdings Inc.
1271,SQSP,BBG00389GQ73,shares,"Squarespace, Inc."
1272,ZI,BBG00S1HJ3M8,shares,ZoomInfo Technologies Inc
1273,BLMN,BBG002VZ68Y2,shares,"Bloomin Brands, Inc."
1274,ATRA,BBG005Q3MQY4,shares,Atara Biotherapeutics Inc
1275,HLI,BBG000CZTB66,shares,"Houlihan Lokey, Inc."
1276,PLD,BBG000B9Z0J8,shares,Prologis REIT
1277,PIPR,BBG000FQXC75,shares,Piper Sandler Companies
1278,UBS,BBG007DJM539,shares,UBS Group
1279,288,BBG00699M8Q7,shares,WH Group
1280,AVGO,BBG00KHY5S69,shares,Broadcom
1281,VPG,BBG000PRQ0V9,shares,Vishay Precision Group Inc
1282,NVTA,BBG005DJFD43,shares,Invitae Corp
1283,PCH,BBG000BQX2N3,shares,PotlatchDeltic Corporation REIT
1284,CRWD,BBG00BLYKS03,shares,Crowdstrike Holdings Inc
1285,CORT,BBG000BKJG33,shares,Corcept Therapeutics Inc
1286,REYN,BBG00QVJVYB5,shares,Reynolds Consumer Products Inc.
1287,LLY,BBG000BNBDC2,shares,Eli Lilly & Co
1288,TROW,BBG000BVMPN3,shares,T Rowe Price Group
1289,SOFI,BBG00YB1ZD58,shares,SoFi Technologies
1290,MC,BBG000RNBH63,shares,Moelis & Co
1291,ATRI,BBG000DTT624,shares,Atrion Corp
1292,NSVZ,BBG002BCQK67,shares,Наука-Связь
1293,CRVL,BBG000CVKZY0,shares,CorVel Corp
1294,SPHR,BBG00L9HLWV8,shares,Sphere Entertainment Co.
1295,WDC,BBG000BWNFZ9,shares,Western Digital
1296,GM,BBG000NDYB67,shares,General Motors
1297,AEE,BBG000B9X8C0,shares,Ameren
1298,MCRI,BBG000BJ0932,shares,Monarch Casino & Resort Inc
1299,LAAC,BBG01JLDJ6X5,shares,Lithium Americas (Argentina)
1300,6862,BBG00LWM0XR7,shares,Haidilao
1301,MVIS,BBG000BVKXQ5,shares,MicroVision
1302,NLMK,BBG004S681B4,shares,НЛМК
1303,BELU,BBG000TY1CD1,shares,Novabev Group
1304,MET,BBG000BB6KF5,shares,MetLife
1305,GCHE,BBG000RTHVK7,shares,Группа Черкизово
1306,WB,BBG0065XPGX9,shares,Weibo Corporation
1307,LNZLP,BBG000SR0YS4,shares,Лензолото - привилегированные акции
1308,9866,BBG015PB0HH9,shares,NIO Inc
1309,CCSI,BBG0105XBRH0,shares,Consensus Cloud Solutions
1310,RVMD,BBG00829F4P8,shares,REVOLUTION Medicines Inc
1311,WKHS,BBG000BDPB15,shares,Workhorse Group Inc
1312,BAX,BBG000BCVJ77,shares,Baxter International
1313,ADBE,BBG000BB5006,shares,Adobe
1314,INSM,BBG000BWM5P3,shares,Insmed
1315,AEO,BBG000BGXZB5,shares,American Eagle Outfitters Inc
1316,MCD,BBG000BNSZP1,shares,McDonald’s
1317,TCSG,BBG00QPYJ5H0,shares,TCS Group
1318,GNL,BBG004HXD0G8,shares,Global Net Lease REIT
1319,FULC,BBG00DDY1RK9,shares,Fulcrum Therapeutics
1320,XYL,BBG001D8R5D0,shares,Xylem
1321,ICE,BBG000C1FB75,shares,Intercontinental Exchange
1322,NEO,BBG000BKH263,shares,NeoGenomics Inc
1323,VSAT,BBG000HHLBF9,shares,Viasat
1324,GDRX,BBG00X0VP8D9,shares,GoodRx Holdings Inc
1325,DNB,BBG00VCZX9Z6,shares,Dun & Bradstreet Holdings
1326,KO,BBG000BMX289,shares,COCA-COLA
1327,TTWO,BBG000BS1YV5,shares,Take-Two Interactive Software
1328,WEC,BBG000BWP7D9,shares,WEC Energy Group
1329,ANAB,BBG0026ZDHR0,shares,AnaptysBio Inc
1330,SCI,BBG000BTHH16,shares,Service Corp International/US
1331,HLF,BBG000MM5VL9,shares,Herbalife Ltd.
1332,LFST,BBG01138DGZ7,shares,LifeStance Health Group
1333,FNF,BBG006N7S6K9,shares,"Fidelity National Financial, Inc."
1334,FIVN,BBG001KHJM17,shares,Five9 Inc
1335,SNGSP,BBG004S681M2,shares,Сургутнефтегаз - привилегированные акции
1336,ESE,BBG000C4S3P3,shares,ESCO Technologies Inc.
1337,BAND,BBG001K003W2,shares,Bandwidth Inc
1338,TSVT,BBG00YV1J622,shares,2seventy bio
1339,NEE,BBG000BJSBJ0,shares,NextEra Energy
1340,1,BBG0087DLDQ6,shares,CK Hutchison Holdings
1341,ALGN,BBG000BRNLL2,shares,Align Technology
1342,ITT,BBG00CVQZQ96,shares,ITT
1343,NTCT,BBG000C136Z8,shares,NetScout Systems Inc
1344,RDFN,BBG001Q7HP63,shares,Redfin Corp
1345,NVCR,BBG009XW8PY2,shares,NovoCure Limited
1346,PCTY,BBG006598YS8,shares,Paylocity Holding Corp
1347,EVR,BBG000BP30Y0,shares,Evercore
1348,ZIMV,BBG014630587,shares,ZimVie
1349,MPC,BBG001DCCGR8,shares,Marathon Petroleum
1350,1928,BBG000PSNMN1,shares,Sands China
1351,YNDX,BBG006L8G4H1,shares,Яндекс
1352,CL,BBG000BFQYY3,shares,Colgate-Palmolive
1353,ATKR,BBG000QTFDQ4,shares,Atkore International Group Inc
1354,XPEL,BBG000R5XCX9,shares,XPEL
1355,OC,BBG000M44VW8,shares,Owens Corning
1356,SF,BBG000BSS5C0,shares,Stifel Financial
1357,SFIN,BBG003LYCMB1,shares,ЭсЭфАй
1358,MDRX,BBG000BLDXH5,shares,Veradigm Inc.
1359,66,BBG000MKLJD1,shares,MTR Corporation
1360,LCID,BBG00W7F99V5,shares,Lucid Group
1361,FROG,BBG006PWZX16,shares,JFrog Ltd.
1362,HURN,BBG000PV2M48,shares,Huron Consulting Group Inc
1363,LEG,BBG000BN53G7,shares,Leggett & Platt
1364,LEN,BBG000BN5HF7,shares,Lennar
1365,MYGN,BBG000D9H9F1,shares,Myriad Genetics Inc
1366,WBA,BBG000BWLMJ4,shares,Walgreens Boots Alliance
1367,TFX,BBG000BV59Y6,shares,Teleflex Inc
1368,L,BBG000C45984,shares,Loews
1369,APO,BBG00ZNLTFK3,shares,Apollo Global Management
1370,MP,BBG00TJGL0F0,shares,MP Materials
1371,FESH,BBG000QF1Q17,shares,ДВМП
1372,ASAN,BBG00WYHL732,shares,Asana
1373,EXAS,BBG000CWL0F5,shares,Exact Sciences Corp
1374,JCI,BBG000BVWLJ6,shares,Johnson Controls
1375,TXG,BBG007WX14X0,shares,10X Genomics Inc
1376,VOYA,BBG000BCWKD6,shares,Voya Financial
1377,ISRG,BBG000BJPDZ1,shares,Intuitive Surgical
1378,LI,BBG00W0KZD98,shares,Li Auto
1379,LYEL,BBG00RNXFN14,shares,Lyell Immunopharma
1380,GRBK,BBG000QGYG84,shares,Green Brick Partners
1381,AXTA,BBG0060CPLJ5,shares,Axalta Coating Systems
1382,HOOD,BBG008NMBXN8,shares,"Robinhood Markets, Inc."
1383,ATR,BBG000BGX2S0,shares,AptarGroup
1384,GWW,BBG000BKR1D6,shares,WW Grainger
1385,SUPN,BBG000BP0HX7,shares,Supernus Pharmaceuticals Inc
1386,ALIT,BBG00H00J2N1,shares,Alight
1387,LYB,BBG000WCFV84,shares,LyondellBasell
1388,MDLZ,BBG000D4LWF6,shares,Mondelez
1389,JEF,BBG000BNHSP9,shares,Jefferies Financial Group
1390,TDS,BBG000BV0VK7,shares,Telephone & Data Systems Inc
1391,JAMF,BBG00VSYYVB8,shares,Jamf Holding Corp
1392,SHLS,BBG00YQ82275,shares,"Shoals Technologies Group, Inc."
1393,DNA,BBG00YPS1KY3,shares,Ginkgo Bioworks Holdings
1394,DK,BBG00FZYFVC5,shares,Delek US Holdings Inc
1395,CMG,BBG000QX74T1,shares,Chipotle Mexican Grill
1396,BX,BBG000BH0106,shares,Blackstone
1397,NWS,BBG0035M2ZB7,shares,News Corp
1398,FHI,BBG000BP0929,shares,Federated Hermes
1399,BRO,BBG000BWSGF4,shares,Brown & Brown
1400,RASP,BBG004S68696,shares,Распадская
1401,788,BBG00LD1QR26,shares,China Tower Corporation
1402,DAVA,BBG00LBLBBJ7,shares,Endava АДР
1403,PBA,BBG001732GF9,shares,Pembina Pipeline Corporation
1404,MPW,BBG000BGRB25,shares,Medical Properties REIT
1405,MGM,BBG000C2BXK4,shares,MGM Resorts International
1406,RIOT,BBG000BQ4512,shares,Riot Platforms
1407,VEEV,BBG001CGB489,shares,Veeva Systems Inc
1408,NCR,BBG000BMXK89,shares,NCR Corp
1409,IBKR,BBG000LV0836,shares,Interactive Brokers Group Inc
1410,CNK,BBG000QDVR53,shares,Cinemark Holdings Inc
1411,2196,BBG001XVDW70,shares,Shanghai Fosun Pharmaceutical
1412,BLUE,BBG000QGWY50,shares,Bluebird Bio Inc
1413,AFG,BBG000DPKKK0,shares,American Financial Group
1414,MMM,BBG000BP52R2,shares,3M Company
1415,KEP,BBG000BCWG90,shares,Korea Electric Power
1416,SMTC,BBG000DBKR53,shares,Semtech Corp
1417,HQY,BBG000TYXCT9,shares,HealthEquity Inc
1418,EWBC,BBG000CR20B1,shares,East West Ban
1419,NVTK,BBG00475KKY8,shares,НОВАТЭК
1420,GATX,BBG000BKGXQ4,shares,GATX Corporation
1421,EXLS,BBG000NS3P30,shares,ExlService Holdings Inc
1422,HCC,BBG00GD1JMV4,shares,Warrior Met Coal
1423,BBIO,BBG00P9KDZK6,shares,Bridgebio Pharma
1424,BYSI,BBG00F9YLST6,shares,BeyondSpring
1425,SHAK,BBG0063GCHH8,shares,Shake Shack Inc
1426,SON,BBG000D7HF89,shares,Sonoco Products Co
1427,ICPT,BBG001J1QN87,shares,Intercept Pharmaceuticals Inc
1428,STE,BBG00MRHG523,shares,STERIS
1429,AMWD,BBG000BBX657,shares,American Woodmark Corp
1430,YELP,BBG000Q2HM09,shares,Yelp Inc
1431,ENB,BBG000K5M1S8,shares,Enbridge
1432,JKHY,BBG000BMH2Q7,shares,Jack Henry & Associates Inc
1433,UPST,BBG00PKCBY53,shares,Upstart Holdings
1434,ORCL,BBG000BQLTW7,shares,Oracle
1435,VZ,BBG000HS77T5,shares,Verizon Communications
1436,SGEN,BBG000BH0FR6,shares,Seagen Inc.
1437,MORN,BBG000CGQ4F7,shares,Morningstar
1438,APPS,BBG000HZ3562,shares,Digital Turbine Inc
1439,UNKL,BBG002YFXL29,shares,ЮУНК
1440,VVV,BBG003DNHV56,shares,Valvoline
1441,ALXO,BBG00VR8SDG8,shares,ALX Oncology Holdings Inc
1442,6969,BBG00VSF90M3,shares,Smoore International
1443,KRG,BBG000BC2KW8,shares,Kite Realty Group REIT
1444,NKNC,BBG000GQSRR5,shares,Нижнекамскнефтехим
1445,KNSL,BBG00D8JD9Z9,shares,Kinsale Capital Group
1446,VLTO,BBG019Q32XJ9,shares,Veralto Corporation
1447,SRPT,BBG000BCJ161,shares,Sarepta Therapeutics Inc
1448,NTES,BBG000BX72V8,shares,NetEase Inc
1449,PTON,BBG00JG0FFZ2,shares,Peloton Interactive Inc
1450,AQUA,BBG000W325F7,shares,ИНАРКТИКА
1451,MGPI,BBG000BXK6C5,shares,MGP Ingredients
1452,BEN,BBG000BD0TF8,shares,Franklin Resources
1453,FLO,BBG000BB4D72,shares,"Flowers Foods, Inc."
1454,AX,BBG000QPHD08,shares,Axos Financial Inc
1455,GNTX,BBG000BKJ092,shares,Gentex Corporation
1456,LVS,BBG000JWD753,shares,Las Vegas Sands Corp
1457,BGNE,BBG00B6WF7T5,shares,BeiGene АДР
1458,SHW,BBG000BSXQV7,shares,Sherwin-Williams
1459,ICUI,BBG000CQV2N4,shares,ICU Medical Inc
1460,U,BBG0056JW5G6,shares,Unity Software
1461,VRSB,BBG000BX7DH0,shares,ТНС энерго Воронеж
1462,JACK,BBG000GZYVY1,shares,Jack in the Box
1463,1055,BBG000BY1DP5,shares,China Southern Airlines
1464,MDU,BBG000BNX3R4,shares,"MDU Resources Group, Inc."
1465,BIIB,BBG000C17X76,shares,Biogen
1466,WWW,BBG000BX2YN2,shares,Wolverine World Wide Inc
1467,CFG,BBG006Q0HY77,shares,Citizens Financial Group
1468,BYND,BBG003CVJP50,shares,Beyond Meat Inc
1469,INGR,BBG000BXPZB7,shares,Ingredion Inc
1470,COO,BBG000BG3445,shares,The Cooper Companies
1471,VTNR,BBG000BGGXH3,shares,"Vertex Energy, Inc."
1472,FICO,BBG000DW76Y6,shares,Fair Isaac Corp
1473,WEX,BBG000BVZP59,shares,WEX Inc
1474,MSEX,BBG000BPGQ60,shares,Middlesex Water Company
1475,SGZH,BBG0100R9963,shares,Сегежа
1476,PUMP,BBG00FYCQ352,shares,ProPetro Holding Corp
1477,EHTH,BBG000P5JQX6,shares,eHealth Inc
1478,PM,BBG000J2XL74,shares,Philip Morris
1479,1066,BBG000LFJVD9,shares,Shandong Weigao Group Medical Polymer
1480,WAB,BBG000BDD940,shares,Wabtec Corp.
1481,BKI,BBG00GX77LW3,shares,Black Knight Inc
1482,TXN,BBG000BVV7G1,shares,Texas Instruments
1483,CLOV,BBG00SHY90J5,shares,"Clover Health Investments, Corp."
1484,NKLA,BBG00L4CWQ45,shares,Nikola
1485,MLM,BBG000BGYMH7,shares,Martin Marietta Materials
1486,GDDY,BBG006MDLY05,shares,GoDaddy Inc
1487,PRI,BBG000T8ZF80,shares,Primerica
1488,CHRS,BBG0063N8V69,shares,Coherus BioSciences
1489,AMN,BBG000BCT197,shares,AMN Healthcare Services Inc
1490,CRSR,BBG00HMSHL83,shares,Corsair Gaming Inc
1491,HSIC,BBG000BNMMJ3,shares,Henry Schein
1492,168,BBG000BHWDF9,shares,Tsingtao Brewery
1493,ES,BBG000BQ87N0,shares,Eversource Energy
1494,MANH,BBG000BFV758,shares,Manhattan Associates Inc
1495,1024,BBG00YYT9BD6,shares,Kuaishou Technology
1496,YNDX@US,TCS609805522,shares,Яндекс
1497,PEN,BBG001BP92V1,shares,Penumbra Inc
1498,RF,BBG000Q3JN03,shares,Regions Financial
1499,OHI,BBG000BGBTC2,shares,Omega Healthcare Investors REIT
1500,GBX,BBG000CF5097,shares,Greenbrier Cos Inc
1501,IFF,BBG000BLSL58,shares,International Flavors & Fragrances
1502,SPCE,BBG00HTN2CQ3,shares,Virgin Galactic Holdings Inc Class A
1503,939,BBG000NW2S18,shares,China Construction Bank
1504,HCAT,BBG00LDPZMS6,shares,Health Catalyst
1505,MSA,BBG000BPDXF8,shares,MSA Safety
1506,CTRA,BBG000C3GN47,shares,Coterra Energy
1507,CWEN,BBG008LJ4TF3,shares,Clearway Energy
1508,BPMC,BBG001MC8YF7,shares,Blueprint Medicines Corp
1509,BLD,BBG0077VS2C0,shares,TopBuild Corp
1510,PRU,BBG000HCJMF9,shares,Prudential Financial
1511,HEI,BBG000BL16Q7,shares,HEICO
1512,LSNGP,BBG000NLCCM3,shares,Ленэнерго - акции привилегированные
1513,VRTS,BBG000DMFQS2,shares,Virtus Investment Partners
1514,LITE,BBG0073F9RT7,shares,Lumentum Holdings Inc
1515,EYE,BBG00HVQF9K2,shares,National Vision Holdings Inc
1516,NSC,BBG000BQ5DS5,shares,Norfolk Southern
1517,PSTG,BBG00212PVZ5,shares,Pure Storage Inc
1518,KR,BBG000BMY992,shares,Kroger
1519,DOCN,BBG00ZGF6SS3,shares,DigitalOcean Holdings
1520,URI,BBG000BXMFC3,shares,United Rentals
1521,EMR,BBG000BHX7N2,shares,Emerson Electric
1522,KIM,BBG000CN3S73,shares,Kimco Realty REIT
1523,MNRO,BBG000C0BZD1,shares,Monro
1524,DAWN,BBG00V1KSN04,shares,Day One Biopharmaceuticals
1525,RIG,BBG000BH5LT6,shares,Transocean
1526,AMED,BBG000B9ZV28,shares,Amedisys Inc
1527,NKTR,BBG000BHCYJ1,shares,Nektar Therapeutics
1528,CEG,BBG014KFRNP7,shares,Constellation Energy
1529,1398,BBG000Q16VR4,shares,ICBC
1530,TENB,BBG00LBLCD02,shares,Tenable Holdings Inc
1531,RGNX,BBG007Z9V591,shares,REGENXBIO Inc
1532,1929,BBG00299NPM1,shares,Chow Tai Fook Jewellery
1533,FITB,BBG000BJL3N0,shares,Fifth Third Bancorp
1534,LPRO,BBG00VDHLSQ6,shares,Open Lending Corp
1535,BIDU,BBG000QXWHD1,shares,Baidu
1536,2331,BBG000PTX047,shares,Li-Ning
1537,CLVT,BBG00P1919G5,shares,Clarivate
1538,CSX,BBG000BGJRC8,shares,CSX Corp
1539,EOG,BBG000BZ9223,shares,EOG Resources
1540,CUBE,BBG000HF28Q9,shares,CubeSmart REIT
1541,SYK,BBG000DN7P92,shares,Stryker
1542,GPRO,BBG001LWHLJ8,shares,GoPro
1543,XRX,BBG00NNG2ZJ8,shares,Xerox
1544,SRI,BBG000BB9Q78,shares,Stoneridge Inc
1545,GMKN,BBG004731489,shares,Норильский никель
1546,LANC,BBG000BN1M88,shares,Lancaster Colony
1547,PPC,BBG000BFLXV3,shares,Pilgrim's Pride Corp
1548,KGC,BBG000BB2DM7,shares,Kinross Gold
1549,ATEN,BBG0060K22C1,shares,A10 Networks Inc
1550,EBAY,BBG000C43RR5,shares,eBay
1551,DAL,BBG000R7Z112,shares,Delta Air Lines
1552,AMSF,BBG000Q0JJQ0,shares,"AMERISAFE, Inc."
1553,DUOL,BBG003D4V951,shares,Duolingo
1554,MU,BBG000C5Z1S3,shares,Micron Technology
1555,SHEL,BBG0147BN6G2,shares,Shell АДР
1556,CMP,BBG000C42WS4,shares,Compass Minerals International
1557,BK,BBG000BD8PN9,shares,Bank of New York Mellon
1558,PEGA,BBG000H1RYG7,shares,Pegasystems Inc
1559,BF.B,BBG000BD2NY8,shares,Brown-Forman
1560,ANET,BBG000N2HDY5,shares,Arista Networks Inc
1561,LGIH,BBG0056655S1,shares,LGI Homes Inc
1562,PTCT,BBG000QT15P7,shares,PTC Therapeutics
1563,BJRI,BBG000H9LNX1,shares,BJ's Restaurants Inc
1564,PCG,BBG000BQWPC5,shares,PG&E
1565,MOEX,BBG004730JJ5,shares,Московская Биржа
1566,AMCR,BBG00LNJRQ09,shares,Amcor
1567,MTTR,BBG00XS0FV56,shares,Matterport
1568,EG,TCS0223R1088,shares,Everest Group
1569,KAI,BBG000BKRSZ3,shares,Kadant Inc.
1570,BE,BBG000N7KBZ3,shares,Bloom Energy
1571,CNQ,BBG000HW5GX3,shares,Canadian Natural Resources
1572,TGT,BBG000H8TVT2,shares,Target
1573,PAAS,BBG000C0RGY3,shares,Pan American Silver Corp
1574,BAC,BBG000BCTLF6,shares,Bank of America Corp
1575,3968,BBG000DVPPK1,shares,China Merchants Bank
1576,TREE,BBG000TVRB50,shares,LendingTree Inc
1577,V,BBG000PSKYX7,shares,Visa
1578,ETR,BBG000C1FQS9,shares,Entergy Corporation
1579,GEN,BBG000BH2JM1,shares,Gen Digital
1580,FDS,BBG000BDJL83,shares,FactSet Research Systems Inc
1581,NAVI,BBG004MN1R41,shares,Navient
1582,GBCI,BBG000C3KB84,shares,Glacier Ban
1583,PBF,BBG002832GV8,shares,PBF Energy Inc
1584,SNPS,BBG000BSFRF3,shares,Synopsys
1585,HRMY,BBG00WBPG4C2,shares,Harmony Biosciences Holdings
1586,COFS,BBG000LLRNX3,shares,"ChoiceOne Financial Services, Inc."
1587,USB,BBG000FFDM15,shares,US Bancorp
1588,JHG,BBG00GSNPM07,shares,Janus Henderson Group
1589,MATX,BBG000BBK401,shares,Matson Inc
1590,GCO,BBG000BK5S78,shares,Genesco Inc
1591,FORR,BBG000HGNYG8,shares,Forrester Research Inc
1592,EXPI,BBG001DCTG63,shares,eXp World Holdings
1593,AXNX,BBG0067QVJ50,shares,Axonics
1594,EXEL,BBG000BQ4WF8,shares,Exelixis Inc
1595,LYV,BBG000FQ7YR4,shares,Live Nation Entertainment Inc
1596,CFR,BBG000C2PL98,shares,Cullen/Frost Bankers
1597,DCPH,BBG00HMJ9H54,shares,Deciphera Pharmaceuticals Inc
1598,AWI,BBG000DW4LB1,shares,Armstrong World Industries Inc
1599,DHR,BBG000BH3JF8,shares,Danaher
1600,RNR,BBG000BFVZ83,shares,RenaissanceRe Holdings
1601,SONY,BBG000BT7ZK6,shares,Sony Corp
1602,MSCI,BBG000RTDY25,shares,MSCI Inc
1603,ROG,BBG000BS9HN3,shares,Rogers Corp
1604,PDCO,BBG000BQY289,shares,Patterson
1605,PCVX,BBG009PHHPL8,shares,Vaxcyte Inc
1606,1378,BBG001DMCGS5,shares,China Hongqiao Group
1607,BRKR,BBG000CL1FG7,shares,Bruker Corp
1608,FNV,BBG000RD3CL8,shares,Franco Nevada Corporation
1609,ARVL,BBG00YFSF9D7,shares,Arrival
1610,RGA,BBG000BDLCQ0,shares,Reinsurance Group of America I
1611,LNC,BBG000BNC3Y9,shares,Lincoln National Corp
1612,FE,BBG000BB6M98,shares,FirstEnergy
1613,1093,BBG000C3N3B5,shares,CSPC Pharmaceutical
1614,UPRO,BBG004S686W0,shares,Юнипро
1615,WERN,BBG000BWPP85,shares,Werner Enterprises Inc
1616,CM,BBG000FKTHQ1,shares,Canadian Imperial Bank of Commerce
1617,WTRG,BBG000BRMJN6,shares,"Essential Utilities, Inc."
1618,MRKS,BBG000VJMH65,shares,МРСК Сибири
1619,VNO,BBG000BWHD54,shares,Vornado REIT
1620,WSM,BBG000FSMWC3,shares,Williams-Sonoma Inc
1621,MGRC,BBG000BP02D2,shares,McGrath RentCorp
1622,NOW,BBG000M1R011,shares,ServiceNow Inc
1623,1880,BBG0195DR728,shares,China Tourism Group Duty Free
1624,RKLB,BBG00Y61SZL5,shares,Rocket Lab
1625,EDIT,BBG005MX5GZ2,shares,Editas Medicine Inc
1626,REZI,BBG00HY28K89,shares,Resideo Technologies Inc
1627,LBRDK,BBG006GNSZW5,shares,Liberty Broadband Corporation
1628,DM,BBG00P17H053,shares,Desktop Metal
1629,MUSA,BBG001Z0Q6T5,shares,Murphy USA Inc
1630,K,BBG000BMKDM3,shares,Kellanova
1631,BBY,BBG000BCWCG1,shares,Best Buy Co.
1632,MTX,BBG000BB61F7,shares,Minerals Technologies Inc.
1633,MPWR,BBG000C30L48,shares,Monolithic Power Systems
1634,CCL,BBG000BF6LY3,shares,Carnival
1635,PBI,BBG000BQTMJ9,shares,Pitney Bowes
1636,GPC,BBG000BKL348,shares,Genuine Parts
1637,ROLO,BBG004Z2RGW8,shares,Русолово
1638,LSCC,BBG000C2D1C1,shares,Lattice Semiconductor Corp
1639,PRAX,BBG00W9LF2G5,shares,Praxis Precision Medicines
1640,TCMD,BBG001B12Z39,shares,Tactile Systems Technology Inc
1641,EXPE,BBG000QY3XZ2,shares,Expedia
1642,ABCB,BBG000CDY3H5,shares,Ameris Bancorp
1643,FOX,BBG00JHNKJY8,shares,Twenty-First Century Fox
1644,TNET,BBG000BR2040,shares,TriNet Group Inc
1645,SCSC,BBG000BHTPZ4,shares,ScanSource Inc
1646,CMCSA,BBG000BFT2L4,shares,Comcast
1647,MSNG,BBG004S687W8,shares,Мосэнерго
1648,SSTK,BBG002ZCK2V9,shares,Shutterstock Inc
1649,CRS,BBG000BGCQT9,shares,Carpenter Technology Corp
1650,AFKS,BBG004S68614,shares,АФК Система
1651,GOLD,BBG000BB07P9,shares,Barrick Gold
1652,PGTI,BBG000FX3Y66,shares,PGT Innovations Inc
1653,2015,BBG0120WC125,shares,Li Auto
1654,LECO,BBG000BB72K8,shares,Lincoln Electric Holdings
1655,836,BBG000C1DC75,shares,China Resources Power
1656,PB,BBG000BHY4D9,shares,Prosperity Bancshares
1657,ENOV,BBG000C5Z443,shares,Enovis
1658,LASR,BBG0020BCPX5,shares,nLight Inc
1659,CCJ,BBG000DSZTN6,shares,Cameco Corporation
1660,ENR,BBG006FCB019,shares,Energizer Holdings Inc
1661,BFAM,BBG003LFWP05,shares,Bright Horizons Family Solutio
1662,TJX,BBG000BV8DN6,shares,TJX
1663,CARS,BBG000HGTH33,shares,Cars.com Inc
1664,TYL,BBG000BVWZF9,shares,Tyler Technologies Inc
1665,FOLD,BBG000PLF6N0,shares,Amicus Therapeutics
1666,TDC,BBG000R0L5J4,shares,Teradata
1667,ASTR,BBG00W7FG4V8,shares,Astra Space
1668,WMS,BBG000G7CDN9,shares,Advanced Drainage Systems
1669,MRTX,BBG004TPGBP5,shares,Mirati Therapeutics Inc
1670,DDOG,BBG003NJHZT9,shares,Datadog Inc
1671,2238,BBG000V4V0W6,shares,Guangzhou Automobile Group
1672,1177,BBG000C6XDL4,shares,Sino Biopharmaceutical
1673,GLOB,BBG00564Y443,shares,Globant SA
1674,PLZL,BBG000R607Y3,shares,Полюс
1675,MAC,BBG000BL9C59,shares,Macerich REIT
1676,KKR,BBG000BCQ6J8,shares,KKR & Co. Inc.
1677,KSS,BBG000CS7CT9,shares,Kohl's Corp
1678,ALC,BBG00NPWH832,shares,Alcon
1679,SCCO,BBG000BSHH72,shares,Southern Copper Corp
1680,APEI,BBG000RVD346,shares,American Public Education Inc
1681,CCOI,BBG000D0SMY8,shares,Cogent Communications
1682,XNCR,BBG0026ZG4W0,shares,Xencor Inc
1683,ZS,BBG003338H34,shares,Zscaler Inc
1684,SSNC,BBG000RJ2J04,shares,SS&C Technologies Holdings Inc
1685,BMBL,BBG00Z6RF483,shares,Bumble Inc.
1686,1288,BBG000T9PJD5,shares,Agricultural Bank of China
1687,OZON,BBG00Y91R9T3,shares,Ozon Holdings PLC
1688,BIG,BBG000J0D904,shares,Big Lots Inc
1689,LKOH,BBG004731032,shares,ЛУКОЙЛ
1690,BCE,BBG000BCXNS3,shares,BCE Inc.
1691,CDNS,BBG000C13CD9,shares,Cadence Design Systems
1692,PVH,BBG000BRRG02,shares,PVH
1693,ACN,BBG000D9D830,shares,Accenture
1694,BOKF,BBG000CFZ003,shares,BOK Financial
1695,SEIC,BBG000BSQLT9,shares,SEI Investments Company
1696,OKTA,BBG001YV1SM4,shares,Okta Inc
1697,UBER,BBG002B04MT8,shares,Uber
1698,CHWY,BBG00P19DKZ6,shares,Chewy Inc
1699,NTNX,BBG001NDW1Z7,shares,Nutanix Inc
1700,AA,BBG00B3T3HD3,shares,Alcoa Corporation
1701,HES,BBG000BBD070,shares,Hess
1702,NWL,BBG000BQC9V2,shares,Newell Brands
1703,CVS,BBG000BGRY34,shares,CVS Health Corporation
1704,THO,BBG000BV6R84,shares,Thor Industries Inc
1705,1088,BBG000BX4MS1,shares,China Shenhua Energy
1706,FTV,BBG00BLVZ228,shares,Fortive
1707,BOOT,BBG0077SYZV6,shares,Boot Barn Holdings Inc
1708,QNST,BBG000S9XXB8,shares,QuinStreet Inc
1709,ALSN,BBG001KY3845,shares,Allison Transmission Holdings
1710,COHU,BBG000DKMJ86,shares,Cohu Inc.
1711,OGKB,BBG000RK52V1,shares,Вторая генерирующая компания оптового рынка электроэнергии
1712,IPG,BBG000C90DH9,shares,IPG
1713,NATI,BBG000DZK6N6,shares,National Instruments
1714,DDD,BBG000D42FJ0,shares,3D Systems Corp
1715,GNRC,BBG000PQ4W72,shares,Generac Holdings Inc
1716,LSPD,BBG00PZ78ZM0,shares,Lightspeed Commerce
1717,GMS,BBG009Q036D0,shares,GMS Inc
1718,NYCB,BBG000BVXPZ8,shares,New York Community Bancorp
1719,TRNO,BBG000PV3J62,shares,Terreno REIT
1720,LOPE,BBG000FV28W9,shares,Grand Canyon Education Inc
1721,GOGL,BBG000BP83H8,shares,Golden Ocean Group
1722,WTTR,BBG00G4Y2DC1,shares,Select Water Solutions
1723,MTRN,BBG000BDTT76,shares,Materion Corp
1724,BBBY,BBG000CSY9H9,shares,Bed Bath & Beyond
1725,RTO,BBG000BVPG41,shares,Rentokil Initial АДР
1726,FNKO,BBG00HXSHDQ9,shares,Funko Inc
1727,IRDM,BBG000VC0FC1,shares,Iridium Communications Inc
1728,RCUS,BBG00DQD26W3,shares,Arcus Biosciences
1729,ARE,BBG000BC33T9,shares,Alexandria Real Estate Equities REIT
1730,LULU,BBG000R8ZVD1,shares,Lululemon Athletica Inc
1731,PI,BBG000GRK2Z7,shares,Impinj Inc
1732,PAYO,BBG00Z5JLLB3,shares,Payoneer Global
1733,OMCL,BBG000BTNGZ4,shares,Omnicell Inc
1734,241,BBG000BDZJK6,shares,Alibaba Health Information Technology
1735,COLM,BBG000BKKQ84,shares,Columbia Sportswear Company
1736,CHX,BBG00JH9TZ56,shares,ChampionX Corporation
1737,WAL,BBG000Q1KFH4,shares,Western Alliance Bancorp
1738,ARMK,BBG001KY4N87,shares,Aramark
1739,FVRR,BBG002YSC5M7,shares,Fiverr International
1740,LSTR,BBG000BB2KN0,shares,Landstar System
1741,9868,BBG011LRHTM7,shares,XPeng
1742,CLF,BBG000BFRF55,shares,Cleveland-Cliffs
1743,3692,BBG00P78Y7N1,shares,Hansoh Pharmaceutical
1744,FTI,BBG00DL8NMV2,shares,TechnipFMC
1745,SP,BBG000BJ91B1,shares,SP Plus Corp
1746,NGVT,BBG009LM28K6,shares,Ingevity Corp
1747,WRBY,BBG005DWN8K8,shares,Warby Parker
1748,UAL,BBG000M65M61,shares,United Airlines Holdings
1749,IBTX,BBG003981NS4,shares,"Independent Bank Group, Inc."
1750,SWTX,BBG00Q011TW9,shares,SpringWorks Therapeutics
1751,USFD,BBG00C6H6D40,shares,US Foods Holding Corp
1752,AEP,BBG000BB9KF2,shares,American Electric Power
1753,TPX,BBG000PXGT62,shares,Tempur Sealy International Inc
1754,PINS,BBG002583CV8,shares,Pinterest Inc
1755,HUBS,BBG000N7MZ06,shares,HubSpot Inc
1756,1368,BBG000PJKKM9,shares,Xtep
1757,AAN,BBG00WCNDCZ6,shares,The Aarons Company
1758,DELL,BBG00DW3SZS1,shares,Dell Technologies Inc
1759,AER,BBG000Q9FZL4,shares,AerCap Holdings
1760,WRK,BBG008NXC572,shares,WestRock
1761,UBSI,BBG000BVXC87,shares,"United Bankshares, Inc."
1762,MO,BBG000BP6LJ8,shares,Altria Group
1763,VEON,BBG000QCW561,shares,VEON
1764,LGND,BBG000BKF014,shares,Ligand Pharmaceuticals Inc
1765,DAN,BBG000TCD088,shares,Dana Inc
1766,GLTR,BBG000VFX6Y4,shares,Globaltrans Investment PLC
1767,MSM,BBG000BCLYL9,shares,MSC Industrial Direct Co Inc
1768,LIN,BBG01FND0CC1,shares,Linde
1769,JD,BBG005YHY0Q7,shares,JD.com
1770,CARR,BBG00RP5HYS8,shares,Carrier Global
1771,CORR,BBG000CN80Y9,shares,CorEnergy Infrastructure REIT
1772,LAD,BBG000K3BC83,shares,LIthia Motors Inc
1773,CHEF,BBG001MFW6D6,shares,Chefs' Warehouse Inc
1774,HAS,BBG000BKVJK4,shares,Hasbro
1775,BEAM,BBG00KXC8646,shares,Beam Therapeutics
1776,ESS,BBG000CGJMB9,shares,Essex Property REIT
1777,DKNG,BBG0134WCM78,shares,DraftKings
1778,NLY,BBG000BJFJ98,shares,Annaly Capital Management REIT
1779,EVRG,BBG00H433CR2,shares,"Evergy, Inc"
1780,BCPC,BBG000BCY878,shares,Balchem Corp
1781,FCN,BBG000K88H58,shares,FTI Consulting Inc
1782,POR,BBG000BCRMW7,shares,Portland General Electric
1783,EME,BBG000BBRPL4,shares,EMCOR Group
1784,KLAC,BBG000BMTFR4,shares,KLA-Tencor
1785,CAR,BBG000FLPRH1,shares,Avis Budget Group
1786,PINC,BBG000G7QX50,shares,Premier Inc
1787,HPE,BBG0078W3NQ3,shares,Hewlett Packard Enterprise
1788,KAZTP,BBG002B9T6Y1,shares,КуйбышевАзот - Акции привилегированные
1789,AOSL,BBG000QLW222,shares,Alpha and Omega Semiconductor
1790,CW,BBG000BGSPS5,shares,Curtiss-Wright
1791,PTC,BBG000C2VBB0,shares,PTC Inc
1792,HASI,BBG0044K5DM4,shares,Hannon Armstrong REIT
1793,HTHT,BBG000QFPM65,shares,H World Group
1794,JOBY,BBG00X2MYTC2,shares,Joby Aviation
1795,OFIX,BBG000G1C210,shares,Orthofix Medical Inc
1796,TMO,BBG000BVDLH9,shares,Thermo Fisher Scientific
1797,DXC,BBG00FN64XT9,shares,DXC Technology
1798,AMZN,BBG000BVPV84,shares,Amazon.com
1799,PAR,BBG000BRP9K8,shares,PAR Technology Corporation
1800,CRM,BBG000BN2DC2,shares,Salesforce
1801,FCX,BBG000BJDB15,shares,Freeport-McMoRan
1802,CVLT,BBG000BG88X9,shares,CommVault Systems Inc
1803,AIRC,BBG00XK3WVD0,shares,Apartment Income REIT
1804,CBSH,BBG000BF3G77,shares,Commerce Bancshares
1805,ALNY,BBG000BFGNJ5,shares,Alnylam Pharmaceuticals Inc
1806,ARCC,BBG000PD6X77,shares,Ares Capital Corp
1807,2628,BBG000FD8023,shares,China Life Insurance
1808,GH,BBG006D97VY9,shares,Guardant Health Inc
1809,VNDA,BBG000HT5MG6,shares,Vanda Pharmaceuticals Inc
1810,CNC,BBG000BDXCJ5,shares,Centene Corporation
1811,IDA,BBG000BLR3Y7,shares,"IDACORP, Inc."
1812,ALV,BBG000BVLRY8,shares,"Autoliv, Inc."
1813,ARQT,BBG00QN8K4M4,shares,Arcutis Biotherapeutics
1814,BMRN,BBG000CZWZ05,shares,BioMarin Pharmaceutical Inc
1815,ALL,BBG000BVMGF2,shares,The Allstate Corporation
1816,LEVI,BBG000BQDF10,shares,Levi Strauss & Co
1817,KNX,BBG000BFC848,shares,Knight-Swift Transportation
1818,ACI,BBG009KG1750,shares,Albertsons Companies
1819,APLS,BBG007KGRPY4,shares,Apellis Pharmaceuticals
1820,SPT,BBG001K1CT23,shares,Sprout Social
1821,CIEN,BBG000BP1152,shares,Ciena Corp
1822,TDY,BBG000BMT9T6,shares,Teledyne Technologies Inc
1823,FFIV,BBG000CXYSZ6,shares,F5
1824,MTCH,BBG00B6WH9G3,shares,Match Group Inc
1825,TXRH,BBG000PSJMV7,shares,Texas Roadhouse Inc
1826,WMB,BBG000BWVCP8,shares,The Williams Companies
1827,MXL,BBG000BB6R33,shares,MaxLinear Inc
1828,NSSC,BBG000BQ6CT5,shares,Napco Security Technologies
1829,VRNT,BBG000BCBYT2,shares,Verint Systems Inc
1830,NMTP,BBG004S68BR5,shares,НМТП
1831,CRSP,BBG00DBBGRX1,shares,CRISPR Therapeutics AG
1832,MRC,BBG000BKLTM1,shares,MRC Global Inc
1833,ADAP,TCS0653A1079,shares,Adaptimmune Therapeutics АДР
1834,MMS,BBG000BC5WJ4,shares,MAXIMUS Inc
1835,CCI,BBG000FV1Z23,shares,Crown Castle REIT
1836,ADI,BBG000BB6G37,shares,Analog Devices
1837,VTRS,BBG00Y4RQNH4,shares,Viatris Inc
1838,RITM,BBG003T1GM03,shares,Rithm Capital REIT
1839,IR,BBG002R1CW27,shares,Ingersoll-Rand
1840,TGKA,BBG000QFH687,shares,ТГК-1
1841,VIR,BBG00H2QQ8T5,shares,Vir Biotechnology
1842,CMA,BBG000C75N77,shares,Comerica Incorporated
1843,FOXF,BBG004T7VS53,shares,Fox Factory Holding Corp
1844,EXPD,BBG000BJ5GK2,shares,Expeditors
1845,FRC,BBG0019LSQ49,shares,First Republic Bank
1846,FRHC,BBG000N625H8,shares,Freedom Holding Corp/NV
1847,ANGI,BBG00HVKH3Q0,shares,Angi Inc
1848,H,BBG000CVRFS4,shares,Hyatt Hotels Corp
1849,IQV,BBG00333FYS2,shares,IQVIA Holdings Inc
1850,VTR,BBG000FRVHB9,shares,Ventas REIT
1851,BLNK,BBG000F9XKN7,shares,Blink Charging Co
1852,BABA,BBG006G2JVL2,shares,Alibaba
1853,GTLS,BBG000P1K2X6,shares,Chart Industries Inc
1854,SNGS,BBG0047315D0,shares,Сургутнефтегаз
1855,CBOM,BBG009GSYN76,shares,МКБ
1856,PJT,BBG0079T1PZ6,shares,PJT Partners Inc.
1857,REGN,BBG000C734W3,shares,Regeneron Pharmaceuticals
1858,KLG,BBG018CYVVW5,shares,WK Kellogg Co
1859,6030,BBG001MM1RL0,shares,CITIC Securities
1860,BURL,BBG004S641N5,shares,Burlington Stores Inc
1861,CDLX,BBG00225ZDD0,shares,Cardlytics Inc
1862,STX,BBG0113JGQF0,shares,Seagate
1863,KRYS,BBG00HDGRHH7,shares,Krystal Biotech Inc
1864,JJSF,BBG000BMGPW0,shares,J&J Snack Foods Corp
1865,TRIP,BBG001M8HHB7,shares,TripAdvisor
1866,MLNK,BBG002ZYMKQ5,shares,MeridianLink
1867,REX,BBG000D2ZK61,shares,REX American Resources Corp
1868,KRTX,BBG00NN875G0,shares,Karuna Therapeutics Inc
1869,STLA,BBG0078ZLDG9,shares,Stellantis N.V.
1870,VET,BBG000PL3C78,shares,Vermilion Energy
1871,AMEZ,BBG000RJWGC4,shares,Ашинский метзавод
1872,9995,BBG00XZZHVS4,shares,RemeGen
1873,1038,BBG000H3CDH4,shares,CK Infrastructure Holdings
1874,SFIX,BBG0046L1KL9,shares,Stitch Fix
1875,669,BBG000BFGXV9,shares,Techtronic Industries
1876,FOXA,BBG00JHNJW99,shares,Twenty-First Century Fox (A)
1877,PRAA,BBG000BNTW77,shares,PRA Group Inc
1878,TGKBP,BBG000Q7GJ60,shares,ТГК-2 - акции привилегированные
1879,ENVX,BBG00YC53854,shares,Enovix
1880,TPG,BBG0145FSNR1,shares,TPG
1881,AZEK,BBG00RPJPN67,shares,AZEK Company
1882,UNH,BBG000CH5208,shares,UnitedHealth
1883,TGNA,BBG000BK5DP1,shares,TEGNA
1884,RVLV,BBG00M4RHBD0,shares,Revolve Group Inc
1885,WING,BBG008N298Y8,shares,Wingstop Inc
1886,ABRD,BBG002W2FT69,shares,АбрауДюрсо
1887,CNTLP,BBG0027F0Y27,shares,Центральный Телеграф - акции привилегированные
1888,TTE,BBG000CHZ857,shares,TotalEnergies SE
1889,PWR,BBG000BBL8V7,shares,Quanta Services
1890,9999,BBG00V6PS1F0,shares,NetEase
1891,DCI,BBG000BGZP70,shares,Donaldson Co
1892,MCHP,BBG000BHCP19,shares,Microchip Technology
1893,PIKK,BBG004S68BH6,shares,ПИК
1894,AZN,BBG000BZ0DK8,shares,AstraZeneca PLC
1895,KMT,BBG000BMWKC5,shares,Kennametal Inc
1896,SATS,BBG000TGLV00,shares,EchoStar Corporation
1897,APLT,BBG000DD0489,shares,Applied Therapeutics
1898,FWRD,BBG000BRCHB4,shares,Forward Air Corporation
1899,ADPT,BBG001J2PFF5,shares,Adaptive Biotechnologies
1900,ONTO,BBG000BPRN29,shares,Onto Innovation Inc
1901,NUS,BBG000HG21Y3,shares,Nu Skin Enterprises Inc
1902,HUBG,BBG000G9W6L0,shares,Hub Group Inc
1903,SEDG,BBG0084BBZY6,shares,SolarEdge Technologies Inc
1904,DE,BBG000BH1NH9,shares,Deere & Company
1905,LAC,BBG01JLDH7S1,shares,Lithium Americas Corp.
1906,HIMS,BBG00Q53VYM7,shares,Hims & Hers Health
1907,PANW,BBG0014GJCT9,shares,Palo Alto Networks
1908,DLB,BBG000DGLTG5,shares,Dolby Laboratories Inc
1909,IT,BBG000BB65D0,shares,Gartner
1910,SRC,BBG0027Z6X10,shares,Spirit Realty Capital REIT
1911,ROSN,BBG004731354,shares,Роснефть
1912,MRO,BBG000C8H633,shares,Marathon Oil
1913,VRTX,BBG000C1S2X2,shares,Vertex Pharmaceuticals
1914,CF,BBG000BWJFZ4,shares,CF Industries Holdings
1915,CYBR,BBG006Q52QV2,shares,CyberArk Software Ltd
1916,WU,BBG000BB5373,shares,Western Union
1917,PNW,BBG000BRDSX5,shares,Pinnacle West Capital
1918,MODV,BBG000P1B7C8,shares,ModivCare Inc.
1919,CELH,BBG000NY37X4,shares,Celsius Holdings
1920,OLLI,BBG0098VVDT9,shares,Ollie's Bargain Outlet Holding
1921,MTLRP,BBG004S68FR6,shares,Мечел - Привилегированные акции
1922,MBC,BBG01B9G42Y3,shares,MasterBrand
1923,1919,BBG000C5K5V6,shares,COSCO SHIPPING Holdings
1924,LPX,BBG000BNF508,shares,Louisiana-Pacific Corporation
1925,HP,BBG000BLCPY4,shares,Helmerich & Payne
1926,2688,BBG000N6X3L4,shares,ENN Energy
1927,3888,BBG000TF4XZ9,shares,Kingsoft
1928,ATRO,BBG000BCLBY5,shares,Astronics Corp
1929,TRMK,BBG004TC84Z8,shares,Трубная Металлургическая Компания
1930,ABT,BBG000B9ZXB4,shares,Abbott
1931,CACC,BBG000CS0D96,shares,Credit Acceptance Corp
1932,SOFL,TCS00A0ZZBC2,shares,Софтлайн
1933,6881,BBG004JC5VD6,shares,China Galaxy Securities
1934,ZUO,BBG000BT3HG5,shares,Zuora Inc
1935,CUZ,BBG000CW9BM7,shares,Cousins Properties REIT
1936,ANIP,BBG000KK1L04,shares,ANI Pharmaceuticals Inc
1937,HR,BBG000PRJCX9,shares,Healthcare Realty Trust REIT
1938,SWKS,BBG000KLB4Q1,shares,Skyworks Solutions
1939,1801,BBG00M8832B5,shares,Innovent Biologics
1940,AIN,BBG000BRWWH3,shares,Albany International Corp.
1941,AME,BBG000B9XG87,shares,AMETEK
1942,PLAY,BBG001WWJTK5,shares,Dave & Buster's Entertainment Inc
1943,PSX,BBG00286S4N9,shares,Phillips 66
1944,WOR,BBG000HL7499,shares,Worthington Industries Inc
1945,CHPT,BBG00Q741Z16,shares,ChargePoint Holdings
1946,LNT,BBG000DW4Q75,shares,Alliant Energy
1947,WAFD,BBG000BWQTD0,shares,"WaFd, Inc."
1948,SBCF,BBG000KK3464,shares,Seacoast Banking Corp of Flori
1949,VAC,BBG001J2R5H3,shares,Marriott Vacations Worldwide Corporation
1950,PAGS,BBG00JM7QBR6,shares,Pagseguro Digital Ltd
1951,MRKU,BBG000VKG4R5,shares,МРСК Урала
1952,LAZR,BBG00MS90LK2,shares,Luminar Technologies
1953,LOGI,BBG000BQNNP6,shares,Logitech International SA
1954,CLH,BBG000BFRRX8,shares,Clean Harbors Inc
1955,UPWK,BBG00FBJ6390,shares,Upwork Inc
1956,RRGB,BBG000MXH9C1,shares,Red Robin Gourmet Burgers Inc
1957,HRL,BBG000BLF8D2,shares,Hormel Foods
1958,ETRN,BBG00K53L394,shares,Equitrans Midstream Corporation
1959,TSLA,BBG000N9MNX3,shares,Tesla Motors
1960,FAST,BBG000BJ8YN7,shares,Fastenal Company
1961,OABI,BBG011J3QM39,shares,OmniAb
1962,SJM,BBG000BT1715,shares,JM Smucker
1963,X,BBG000BX3TD3,shares,United States Steel
1964,PEAK,BBG000BKYDP9,shares,Healthpeak Properties REIT
1965,IRTC,BBG001J19V24,shares,iRhythm Technologies
1966,SKX,BBG000C4HKK2,shares,Skechers U.S.A. Inc
1967,MRKY,BBG000C7P5M7,shares,МРСК Юга
1968,NBIX,BBG000GJS7C1,shares,Neurocrine Biosciences Inc
1969,HCA,BBG000QW7VC1,shares,HCA Healthcare
1970,RGR,BBG000C4FQG6,shares,Sturm Ruger & Co Inc
1971,OIS,BBG000BDDN94,shares,Oil States International Inc
1972,EQT,BBG000BHZ5J9,shares,EQT Corporation
1973,EGHT,BBG000BCGHH7,shares,8x8 Inc
1974,GDOT,BBG000QDJT53,shares,Green Dot Corp
1975,INSP,BBG00209SZJ7,shares,Inspire Medical Systems Inc
1976,ETN,BBG000BJ3PD2,shares,Eaton Corporation
1977,PII,BBG000D5S4M0,shares,Polaris Industries Inc
1978,NVDA,BBG000BBJQV0,shares,NVIDIA
1979,MEDP,BBG0065B7K59,shares,Medpace Holdings Inc
1980,BCC,BBG000RQKCR4,shares,Boise Cascade
1981,APP,BBG006HFPX77,shares,AppLovin Corporation
1982,SSB,BBG000BNPYN9,shares,SouthState Corp
1983,VUZI,BBG000QKVV49,shares,Vuzix Corp
1984,TPIC,BBG0016MQ7C5,shares,TPI Composites Inc
1985,WPC,BBG000BCQM58,shares,WP Carey REIT
1986,NEOG,BBG000C1BCK2,shares,Neogen Corp
1987,GPN,BBG000CX0P89,shares,Global Payments
1988,PFE,BBG000BR2B91,shares,Pfizer
1989,TREX,BBG000BTGKK9,shares,Trex Co Inc
1990,ZLAB,BBG00HFX3N90,shares,Zai Lab Ltd
1991,MTH,BBG000F4F1N0,shares,Meritage Homes Corp
1992,DORM,BBG000BM22F5,shares,Dorman Products Inc
1993,CHH,BBG000BPBTL2,shares,Choice Hotels International In
1994,GRPH,BBG00XDH4NZ2,shares,"Graphite Bio, Inc."
1995,MNST,BBG008NVB1C0,shares,Monster Beverage
1996,VERV,BBG00P33TCZ8,shares,Verve Therapeutics
1997,CLX,BBG000BFS7D3,shares,The Clorox Company
1998,BLKB,BBG000BGGTW5,shares,Blackbaud Inc
1999,KRKNP,BBG002B2J5X0,shares,Саратовский НПЗ - акции привилегированные
2000,RXO,BBG0160DYCH4,shares,"RXO, Inc."
2001,APTV,BBG001QD41M9,shares,Aptiv
2002,TNDM,BBG0019V9M65,shares,Tandem Diabetes Care Inc
2003,ASIX,BBG00CWTTQ41,shares,AdvanSix Inc
2004,2007,BBG000QQCY41,shares,Country Garden Holdings
2005,AAON,BBG000C2LZP3,shares,AAON
2006,CHMF,BBG00475K6C3,shares,Северсталь
2007,TW,BBG00NK8H8T2,shares,Tradeweb Markets
2008,FLS,BBG000FFH4P5,shares,Flowserve
2009,TWLO,BBG0029ZX840,shares,Twilio Inc
2010,CPS,BBG000PSXT64,shares,Cooper-Standard Holdings Inc
2011,VZIO,BBG00ZHDJVK4,shares,VIZIO Holding Corp.
2012,RGEN,BBG000BS48J3,shares,Repligen Corporation
2013,CLDT,BBG000PT6BR8,shares,Chatham Lodging REIT
2014,RLAY,BBG00DSS08K9,shares,Relay Therapeutics Inc
2015,GOOG,BBG009S3NB30,shares,Alphabet Class C
2016,LNTH,BBG006Q52RD0,shares,Lantheus Holdings Inc
2017,PCAR,BBG000BQVTF5,shares,PACCAR
2018,CYTK,BBG000F0R4N9,shares,Cytokinetics
2019,VMEO,BBG00ZNSSKP3,shares,Vimeo
